ФИО,Год,Специальность,Средний балл ЦЭ/ЦТ,Средний балл аттестата,Средний балл при поступлении,Адрес,Телефон,Форма обучения,Математика,Физика,Химия,История,Обществознание
Вера Аркадьевна Назарова,2024,Математика,74.6,9.1,41.8,"клх Билибино, ул. Целинная, д. 7 стр. 783, 882513",8 562 839 54 47,Очная,78,91,68,54,82
Тихонова Мария Никифоровна,2022,Химия,71.0,6.2,38.6,"д. Кяхта, алл. Северная, д. 1/1, 201383",+7 941 686 3050,Вечерняя,60,78,97,58,62
Олег Алексеевич Сафонов,2023,Математика,74.4,8.6,41.5,"п. Шерегеш, ш. Суворова, д. 953, 623500",+76561095687,Очная,63,92,75,79,63
Ширяев Демьян Филатович,2023,История Беларуси,69.6,6.8,38.2,"с. Сузун, ш. Орджоникидзе, д. 881 стр. 25, 410113",8 418 736 42 43,Заочная,92,41,63,83,69
Добромысл Адрианович Тетерин,2022,Химия,75.8,8.1,41.9,"ст. Мичуринск, наб. 50 лет Победы, д. 48 к. 8, 751866",8 181 692 57 12,Очная,99,60,72,51,97
Зинаида Никифоровна Жданова,2023,Математика,79.8,7.6,43.7,"г. Кизилюрт, бул. Вишневый, д. 6/2 к. 33, 668866",8 (353) 228-49-31,Заочная,83,64,88,66,98
Виноградов Венедикт Игнатьевич,2024,Математика,72.2,8.5,40.4,"клх Сосногорск, алл. Высотная, д. 5/2 стр. 20, 059450",+7 (667) 013-04-10,Заочная,67,99,55,54,86
Твердислав Матвеевич Харитонов,2024,Биология,81.2,9.4,45.3,"г. Белореченск, наб. Весенняя, д. 215 к. 6/1, 477025",+7 (964) 765-9338,Заочная,83,94,91,96,42
Рыбаков Ярополк Глебович,2021,Математика,57.8,9.8,33.8,"клх Белокуриха, пр. Луначарского, д. 40, 882579",+7 950 174 2472,Заочная,46,60,48,78,57
Матвей Ануфриевич Евсеев,2022,Математика,77.2,6.1,41.6,"д. Катайск, ш. Лунное, д. 3 к. 6, 525902",+7 (911) 706-2838,Заочная,99,53,89,97,48
Лука Ярославович Жданов,2021,История Беларуси,70.4,6.5,38.4,"п. Каменномостский, пр. Максима Горького, д. 8/6 стр. 4, 140099",8 (876) 355-0073,Очная,41,59,67,86,99
Панфилова Иванна Эдуардовна,2022,Биология,63.2,7.0,35.1,"ст. Лотошино, пер. Жуковского, д. 5/5 стр. 9/6, 374304",8 975 558 43 41,Очная,47,86,74,53,56
Лаврентьев Георгий Ануфриевич,2021,Биология,60.2,8.2,34.2,"д. Новомичуринск, ул. Заводская, д. 429, 863177",86198455750,Вечерняя,79,43,41,45,93
Белов Кондратий Харлампьевич,2024,Математика,73.2,9.8,41.5,"к. Бологое, ш. Гончарова, д. 165, 333444",81056297974,Очная,93,68,57,65,83
Дмитриева Иванна Оскаровна,2023,Биология,67.8,6.4,37.1,"г. Обнинск, пер. Звездный, д. 8/9 стр. 7, 404420",+7 (248) 492-11-37,Заочная,75,53,70,87,54
Николаева Олимпиада Аркадьевна,2025,История Беларуси,79.2,7.6,43.4,"ст. Губкинский, бул. Чапаева, д. 9, 090898",8 396 392 5278,Вечерняя,62,99,96,79,60
Майя Георгиевна Селиверстова,2024,Биология,72.6,9.9,41.2,"ст. Кежма, наб. Островского, д. 3/2 стр. 7, 386704",+7 (930) 071-15-89,Вечерняя,57,86,92,63,65
Симонова Василиса Вячеславовна,2022,История Беларуси,86.0,9.2,47.6,"с. Курск, пр. Заозерный, д. 882 стр. 6/9, 142383",84472173223,Заочная,99,99,84,80,68
Юрий Геннадиевич Дьячков,2021,История Беларуси,52.2,7.6,29.9,"п. Северодвинск, пр. Депутатский, д. 7/3 стр. 4/8, 366719",8 792 714 2658,Заочная,40,64,46,48,63
Галина Анатольевна Зуева,2021,Физика,61.2,8.8,35.0,"п. Алагир, бул. Сиреневый, д. 1/3 стр. 787, 342034",+7 462 147 92 26,Заочная,47,63,50,90,56
Игорь Бенедиктович Лазарев,2022,Химия,73.8,7.4,40.6,"клх Верхоянск, ул. Киевская, д. 62 стр. 65, 830341",+7 303 030 5868,Вечерняя,74,72,98,44,81
Кулагин Геннадий Валерьевич,2024,История Беларуси,57.6,7.8,32.7,"к. Канск, ш. Краснознаменное, д. 25, 697982",+7 081 745 25 85,Заочная,80,67,46,48,47
Якушева Юлия Ефимовна,2024,Физика,75.6,8.7,42.2,"клх Нефтекамск, наб. Толбухина, д. 16, 930846",+73246372276,Вечерняя,72,87,94,62,63
Пономарев Твердислав Елисеевич,2025,Физика,72.6,7.9,40.2,"п. Усть-Илимск, алл. Красная, д. 6 к. 87, 335158",+77164219671,Вечерняя,83,79,61,66,74
Боброва Евгения Филипповна,2022,История Беларуси,59.4,8.9,34.2,"к. Тверь, алл. 40 лет Победы, д. 2, 720588",+77829286131,Заочная,76,86,53,42,40
Стоян Жоресович Блохин,2022,Химия,67.8,8.8,38.3,"с. Грозный, пр. Горный, д. 701 стр. 8, 764941",8 314 129 74 05,Очная,94,53,78,66,48
Матвеев Петр Харлампьевич,2023,Математика,77.4,6.1,41.8,"п. Североморск, алл. Победа, д. 93, 112000",+7 (399) 243-07-92,Заочная,65,81,99,52,90
Гуляева Феврония Анатольевна,2022,Математика,74.2,9.6,41.9,"ст. Дудинка, ул. Терешковой, д. 35 стр. 4/6, 020493",+7 618 030 23 81,Заочная,78,88,91,71,43
Ермаков Якуб Иосифович,2024,Химия,72.0,6.8,39.4,"п. Киржач, пр. Восточный, д. 8 стр. 9/5, 244180",+7 (528) 762-13-49,Очная,62,78,84,54,82
Михайлова Вера Антоновна,2021,Математика,71.4,6.6,39.0,"к. Иркутск, наб. Светлая, д. 6/1 к. 5/9, 917836",+77245135949,Очная,52,71,46,98,90
Мамонтов Нестор Данилович,2024,История Беларуси,78.8,9.5,44.2,"д. Аргаяш, ш. Западное, д. 7, 121249",+75722157361,Заочная,41,81,84,96,92
г-н Потапов Терентий Аверьянович,2021,Математика,72.2,9.5,40.8,"с. Смирных, ш. Седова, д. 9/9, 023884",+7 (858) 855-40-66,Заочная,67,83,83,59,69
Петр Борисович Капустин,2021,История Беларуси,80.0,9.6,44.8,"с. Биробиджан, пер. Терешковой, д. 4/1 стр. 6/1, 063263",8 776 605 9034,Заочная,97,94,67,64,78
Стрелков Тихон Абрамович,2022,Биология,77.8,7.4,42.6,"клх Кижи, ш. Орджоникидзе, д. 3 стр. 7, 550804",8 857 408 22 33,Очная,40,96,66,96,91
Кононова Нина Николаевна,2021,Физика,55.6,7.7,31.6,"ст. Нижний Тагил, ш. Большое, д. 19 стр. 42, 689578",8 743 679 2627,Заочная,42,78,45,47,66
Лукьян Демидович Горбунов,2021,Химия,80.4,7.0,43.7,"г. Кондопога, пер. 40 лет Октября, д. 82 стр. 485, 817668",8 (764) 300-4443,Заочная,76,72,90,81,83
Никандр Герасимович Фомин,2025,Биология,79.2,8.8,44.0,"с. Североморск, наб. Слободская, д. 2, 066252",8 (959) 828-05-75,Очная,98,93,71,71,63
Любосмысл Герасимович Карпов,2024,Физика,83.0,7.0,45.0,"ст. Оха, алл. Космонавтов, д. 8 стр. 3, 236354",8 161 848 0638,Заочная,88,88,97,91,51
Аристарх Ануфриевич Королев,2023,История Беларуси,67.0,10.0,38.5,"г. Шелехов, пр. Красный, д. 954 стр. 31, 298279",8 (189) 579-07-75,Очная,41,42,88,76,88
Русакова Варвара Николаевна,2023,Химия,67.0,6.2,36.6,"п. Юрьев-Польский, ул. Одесская, д. 9 к. 4/3, 240268",+7 (774) 178-45-35,Заочная,98,88,41,41,67
Лидия Яковлевна Тимофеева,2023,Математика,63.4,8.7,36.0,"к. Неплюевка, бул. Коллективный, д. 23 стр. 1/1, 538468",8 005 064 7235,Заочная,76,71,72,40,58
Тихонова Татьяна Олеговна,2022,История Беларуси,71.2,7.0,39.1,"д. Хатанга, ул. Ватутина, д. 1/6, 829487",+7 (098) 689-0264,Заочная,92,83,65,71,45
Нонна Михайловна Беспалова,2022,История Беларуси,76.0,7.0,41.5,"ст. Тимашевск, наб. Королева, д. 515 к. 9/3, 552503",+7 (938) 082-9449,Вечерняя,43,94,50,95,98
Ян Фокич Мухин,2025,Физика,69.6,8.5,39.0,"г. Енисейск, пер. Новый, д. 560, 696213",81427861542,Вечерняя,77,63,44,91,73
Калинин Владимир Вилорович,2021,История Беларуси,62.4,7.3,34.8,"к. Бодайбо, бул. Ермака, д. 616 к. 62, 084582",8 675 649 82 78,Вечерняя,50,87,55,72,48
Любовь Владимировна Андреева,2024,Химия,53.8,7.3,30.6,"с. Усть-Катав, наб. Горная, д. 4 к. 33, 627154",+7 123 146 6414,Заочная,45,55,68,42,59
Богданов Емельян Устинович,2022,Физика,59.6,7.4,33.5,"д. Бреды, алл. Ручейная, д. 504 стр. 584, 418346",+7 (886) 093-91-88,Очная,75,58,65,42,58
Семен Трифонович Белов,2022,Физика,73.6,7.5,40.6,"клх Ессентуки, пр. Геологический, д. 537 стр. 8/4, 363230",+7 (401) 207-38-98,Заочная,46,91,80,72,79
Логинов Мокей Гурьевич,2025,Математика,58.6,8.9,33.8,"д. Черняховск, бул. Ильича, д. 56 стр. 967, 671780",+71507571947,Заочная,57,79,40,50,67
Зайцева Евдокия Кузьминична,2022,Физика,74.2,7.0,40.6,"п. Красная Поляна, алл. Азина, д. 4/3 к. 5/7, 185244",83464455636,Очная,89,62,70,69,81
Волкова Феврония Феликсовна,2021,Физика,80.4,8.1,44.2,"п. Ахтубинск, наб. Гаражная, д. 4/5 стр. 1/3, 363858",8 950 158 9802,Очная,99,55,65,87,96
Прасковья Антоновна Шубина,2023,Биология,61.4,8.2,34.8,"д. Нефтегорск (Самар.), ш. Специалистов, д. 3, 237354",8 153 579 6526,Заочная,88,41,40,87,51
Горбунова Таисия Тимофеевна,2024,Физика,78.2,7.4,42.8,"ст. Клин, ш. Тенистое, д. 388 стр. 8/5, 786152",+79670126633,Заочная,71,98,94,48,80
Лазарь Якубович Михайлов,2021,Математика,61.2,7.6,34.4,"д. Александров, ул. Шишкина, д. 5/5, 420135",8 161 546 38 91,Вечерняя,87,55,42,59,63
Любим Германович Соболев,2021,Физика,72.8,6.6,39.7,"с. Нижнекамск, алл. Молодежная, д. 202, 248096",+7 137 547 6561,Очная,72,63,91,50,88
Егорова Иванна Михайловна,2022,Химия,75.2,6.4,40.8,"к. Нижний Новгород, пер. Свердлова, д. 4/9, 698867",82297816039,Очная,77,79,59,74,87
Елисеев Станислав Ильич,2023,Математика,69.6,8.2,38.9,"с. Находка, бул. Деповский, д. 7 стр. 69, 192720",8 455 458 03 48,Очная,74,64,68,57,85
Любовь Леонидовна Молчанова,2025,Химия,75.4,8.8,42.1,"ст. Краснокамск, наб. Челюскинцев, д. 5/2 стр. 95, 880478",8 662 735 98 86,Заочная,93,74,55,80,75
Измаил Егорович Селиверстов,2025,Биология,66.2,7.5,36.8,"к. Грозный, наб. Центральная, д. 3 стр. 811, 703415",+7 (223) 171-14-66,Заочная,72,53,60,87,59
Петр Аверьянович Белов,2025,Биология,52.6,8.2,30.4,"п. Шамары, наб. Попова, д. 3 стр. 5, 064510",+7 033 589 6274,Вечерняя,47,46,42,56,72
Абрамова Наина Игоревна,2022,Химия,80.8,7.0,43.9,"к. Камень-на-Оби, пер. Сосновый, д. 351 стр. 90, 862900",+7 (394) 269-73-26,Вечерняя,98,90,61,94,61
Петр Елизарович Смирнов,2022,Биология,84.2,9.6,46.9,"клх Барнаул, бул. Тельмана, д. 9 к. 361, 925086",8 490 049 2882,Очная,77,77,84,90,93
Фокина Ия Анатольевна,2023,История Беларуси,68.0,8.3,38.2,"к. Игнашино, ул. Горняцкая, д. 5 к. 51, 704429",8 354 033 60 67,Заочная,66,73,60,69,72
Амос Ермилович Соловьев,2022,Математика,72.0,8.3,40.2,"г. Шахты, бул. Магистральный, д. 2 стр. 8, 020776",8 896 876 07 70,Вечерняя,72,44,99,87,58
Яковлев Олимпий Гордеевич,2024,Биология,72.6,9.8,41.2,"ст. Набережные Челны, алл. Братская, д. 86, 883319",8 (236) 201-63-97,Очная,88,56,83,67,69
Данила Харлампович Сысоев,2023,Биология,78.0,9.8,43.9,"п. Ялуторовск, пер. Технический, д. 1/4 к. 6/7, 876133",8 504 544 10 89,Очная,92,45,74,99,80
Анна Рубеновна Савельева,2025,Химия,80.6,9.9,45.2,"к. Кырен, наб. Леонова, д. 7 к. 5, 307984",+7 484 362 9490,Очная,68,88,85,92,70
Елисеева Анна Вячеславовна,2021,Математика,71.2,7.1,39.2,"п. Чусовой, наб. Аэродромная, д. 2/8 к. 6, 780808",+7 346 609 68 70,Заочная,72,91,60,71,62
Савин Гедеон Ярославович,2025,Физика,62.8,9.4,36.1,"с. Мончегорск, наб. Омская, д. 5 стр. 1/2, 583677",+7 329 841 3843,Очная,42,57,64,81,70
Голубев Дементий Гавриилович,2022,Физика,71.6,8.5,40.0,"к. Тотьма, алл. Приозерная, д. 4/2, 064673",8 419 912 93 50,Вечерняя,42,79,85,63,89
Мефодий Харламович Зыков,2023,История Беларуси,62.2,9.5,35.8,"клх Джейрах, ш. Гайдара, д. 1 к. 772, 016563",+7 (286) 536-69-37,Заочная,61,62,41,66,81
Кондрат Архипович Зуев,2021,Физика,67.4,8.8,38.1,"с. Карабудахкент, пр. Рылеева, д. 1/3, 242722",+7 (953) 298-28-46,Заочная,56,79,72,48,82
Уваров Болеслав Дмитриевич,2021,Физика,77.2,9.2,43.2,"г. Миасс, пр. Смирнова, д. 280, 724641",+7 314 695 20 13,Вечерняя,78,68,81,94,65
Измаил Дорофеевич Тетерин,2022,Физика,75.0,6.0,40.5,"д. Верхоянск, ш. Кузнецкое, д. 21 к. 82, 767852",8 (836) 540-26-14,Очная,64,63,52,99,97
Любовь Федоровна Веселова,2024,Математика,61.0,8.8,34.9,"д. Бреды, пр. 9 мая, д. 77, 996564",8 (888) 859-2860,Вечерняя,75,84,59,40,47
Медведева Алевтина Юрьевна,2021,Физика,62.2,6.1,34.2,"с. Кущевская, пер. Кооперативный, д. 85 стр. 1/5, 726410",+7 (368) 214-54-68,Вечерняя,55,53,51,90,62
Носов Федосий Филиппович,2024,Математика,61.6,7.3,34.4,"д. Александров, пер. Фадеева, д. 98 стр. 3, 051989",+76443207216,Вечерняя,73,41,71,62,61
Жукова Нонна Натановна,2024,Химия,82.6,7.0,44.8,"к. Рославль, алл. Ушакова, д. 1/6, 394725",+7 167 149 4778,Очная,97,61,97,97,61
Онуфрий Елисеевич Гущин,2021,Физика,71.0,6.5,38.8,"к. Ирбит, пр. 50 лет Победы, д. 3/5, 028057",8 (742) 871-71-68,Очная,81,45,54,93,82
Онуфрий Федосьевич Николаев,2024,Математика,78.6,9.9,44.2,"к. Кемерово, пр. 1 Мая, д. 110, 022409",8 874 073 8958,Вечерняя,72,47,92,99,83
Ярослав Дмитриевич Симонов,2024,Математика,64.2,8.1,36.2,"с. Витим, пер. Томский, д. 904 стр. 149, 023767",+7 (394) 309-12-72,Вечерняя,78,43,45,84,71
Цветкова Майя Ильинична,2025,Математика,84.8,6.5,45.6,"к. Владимир, пр. Производственный, д. 894 к. 533, 979568",81705599012,Очная,86,74,94,79,91
Ратмир Фадеевич Фокин,2025,Биология,79.2,9.2,44.2,"г. Шаховская, пер. Карла Либкнехта, д. 1, 857028",8 683 410 9148,Очная,89,99,81,69,58
Боброва Александра Никифоровна,2025,История Беларуси,76.2,6.1,41.2,"д. Армавир, наб. Авиационная, д. 931, 484222",+72441193622,Вечерняя,58,67,97,94,65
Бобров Андрей Юлианович,2021,Химия,69.0,6.2,37.6,"клх Ясный (Оренб.), ул. Верхняя, д. 108 к. 797, 223309",+7 116 300 5247,Очная,92,62,48,51,92
Панкратий Фролович Абрамов,2022,История Беларуси,73.4,8.2,40.8,"г. Кропоткин (Краснод.), алл. Озерная, д. 9 к. 9/9, 917436",8 (346) 526-73-38,Вечерняя,97,40,86,73,71
Таисия Юрьевна Аксенова,2024,Математика,81.2,8.6,44.9,"п. Армавир, ул. Красноярская, д. 9/8 к. 9, 643320",+7 480 135 37 18,Вечерняя,87,64,79,84,92
Пахомов Харитон Александрович,2023,Биология,69.0,6.2,37.6,"к. Дубна, бул. Красногвардейский, д. 6/5 к. 60, 884967",+7 455 352 7095,Очная,78,44,61,68,94
Фаина Болеславовна Николаева,2022,Химия,69.4,6.1,37.8,"г. Каменск-Уральский, пр. Горный, д. 833 стр. 75, 546822",+7 921 145 94 58,Вечерняя,65,55,90,76,61
Максимова Евдокия Вадимовна,2023,Биология,67.6,7.2,37.4,"к. Углегорск, ш. Шевченко, д. 84 стр. 405, 200422",80024528991,Вечерняя,53,67,44,86,88
Рыбаков Никодим Игнатович,2025,Физика,61.2,9.1,35.2,"к. Оймякон, ул. Томская, д. 2, 103992",+78564430139,Вечерняя,91,44,51,55,65
Ширяев Денис Артёмович,2024,История Беларуси,70.8,8.6,39.7,"клх Бомнак, пер. Высотный, д. 598 стр. 6/8, 017955",8 243 562 80 45,Заочная,60,78,75,72,69
Самойлова Ангелина Ильинична,2025,Математика,71.6,6.2,38.9,"г. Ребриха, наб. Энтузиастов, д. 5, 042327",8 944 727 33 16,Вечерняя,97,49,93,44,75
Влас Елисеевич Гуляев,2023,Математика,74.2,8.0,41.1,"ст. Бирск, наб. Портовая, д. 9, 680928",81131712977,Очная,70,49,97,58,97
Антонин Харитонович Савельев,2023,Химия,64.2,6.3,35.2,"г. Кулу, наб. Мостовая, д. 3 стр. 3/3, 041444",+7 215 184 31 56,Заочная,95,44,84,43,55
Лидия Владиславовна Гаврилова,2024,Физика,72.2,9.8,41.0,"к. Онега, наб. Кольцевая, д. 27, 117198",+7 (038) 117-81-39,Заочная,94,41,88,67,71
Антонина Андреевна Савина,2024,Математика,75.2,6.5,40.8,"клх Сергиев Посад, пр. Строительный, д. 2/3 к. 5/2, 406262",+7 688 545 7481,Очная,63,51,89,74,99
Мина Жоресович Самсонов,2025,Физика,68.2,9.3,38.8,"г. Северодвинск, ул. Розы Люксембург, д. 4 стр. 3/8, 979986",8 638 140 1059,Заочная,90,82,76,51,42
Дорофеева Людмила Валериевна,2022,Физика,72.2,6.3,39.2,"с. Кимры, бул. Лесхозный, д. 1/2 к. 1, 300049",8 (023) 002-99-12,Заочная,79,49,82,83,68
Блинова Екатерина Афанасьевна,2025,Биология,75.0,8.7,41.8,"с. Губкинский, наб. Краснознаменная, д. 603 стр. 347, 187319",+7 (037) 623-88-06,Вечерняя,70,85,41,90,89
Яковлев Силантий Эдуардович,2024,Химия,60.2,8.7,34.4,"с. Сальск, ш. Клубное, д. 763, 866016",+7 (905) 459-23-45,Очная,56,65,47,68,65
Кира Петровна Носова,2024,Математика,66.4,8.8,37.6,"д. Элиста, ул. Бажова, д. 876 стр. 493, 662727",+71863826596,Вечерняя,73,90,80,46,43
Василиса Владиславовна Ефремова,2022,Математика,77.2,8.9,43.1,"г. Джейрах, ш. Леонова, д. 5 к. 6/8, 362350",8 (766) 838-98-03,Заочная,89,84,50,68,95
Демид Александрович Соловьев,2024,Биология,71.2,9.0,40.1,"п. Сибай, пр. К.Маркса, д. 7/1, 007098",+7 439 440 55 12,Очная,60,96,75,49,76
Анна Аркадьевна Павлова,2023,Математика,79.6,7.5,43.6,"д. Нефтегорск (Самар.), ш. Менделеева, д. 94, 861985",+7 (524) 511-11-26,Очная,74,88,74,87,75
г-н Кондратьев Лонгин Феодосьевич,2023,Математика,69.0,9.4,39.2,"с. Верхний Тагил, пр. Гвардейский, д. 2/3 к. 3, 221176",+7 (085) 792-32-46,Заочная,78,71,63,62,71
Маркова Виктория Никифоровна,2025,Химия,72.0,7.0,39.5,"ст. Холмогоры, пер. Ильича, д. 6/6, 610435",8 970 580 4273,Заочная,88,94,52,62,64
Ширяева Антонина Геннадьевна,2023,Химия,71.8,7.6,39.7,"д. Верхний Уфалей, пер. Заовражный, д. 9/7 к. 7, 032991",8 (071) 684-9769,Очная,69,56,88,59,87
Ильина Анастасия Эльдаровна,2022,История Беларуси,74.2,6.0,40.1,"г. Дмитров, пер. Енисейский, д. 8 к. 9, 324429",+7 001 540 46 52,Вечерняя,52,98,58,88,75
Пров Фролович Михеев,2023,История Беларуси,56.6,9.8,33.2,"клх Выборг, ул. Надежды, д. 96 стр. 966, 340828",+7 (988) 571-7599,Заочная,80,58,51,48,46
Гришин Нестор Гаврилович,2024,Биология,80.4,6.3,43.4,"с. Тамбов, алл. Минина, д. 14 стр. 83, 950623",+7 (298) 231-16-40,Очная,70,91,58,97,86
Устин Авдеевич Лихачев,2024,Математика,64.8,8.7,36.8,"д. Курчатов, наб. Береговая, д. 919 стр. 29, 643058",8 (667) 731-5221,Заочная,44,74,51,64,91
Осипова Ия Валентиновна,2025,Химия,76.0,6.5,41.2,"д. Дзержинск, алл. Седова, д. 30, 141840",+7 587 907 4629,Вечерняя,75,92,62,55,96
Лыткина Елизавета Васильевна,2023,История Беларуси,80.2,8.2,44.2,"ст. Абинск, алл. Энтузиастов, д. 792, 601176",8 423 005 18 14,Вечерняя,92,81,97,78,53
Людмила Наумовна Воронова,2025,Химия,66.0,8.8,37.4,"ст. Светлогорск (Калин.), пер. Энтузиастов, д. 6 стр. 628, 719623",+7 (241) 957-01-77,Вечерняя,44,74,62,68,82
Панфилова Антонина Ефимовна,2025,Биология,66.2,8.5,37.4,"ст. Ишим, ш. Минское, д. 567 к. 26, 716310",+7 067 226 63 24,Вечерняя,86,51,48,49,97
Князев Мартын Игнатович,2024,Математика,67.8,6.3,37.0,"ст. Малоярославец, ш. Пограничное, д. 2/1 стр. 348, 717372",+7 408 331 5154,Вечерняя,77,46,85,52,79
Мартынов Исидор Вилорович,2023,Химия,67.4,8.1,37.8,"клх Красновишерск, ул. Запрудная, д. 12 стр. 77, 847925",88962725639,Заочная,89,66,97,41,44
Горбунова Юлия Мироновна,2025,Математика,70.6,7.5,39.0,"г. Аргаяш, пер. Надежды, д. 276 стр. 5/4, 750600",+7 434 054 70 57,Заочная,77,58,47,87,84
Филарет Федосеевич Третьяков,2025,Химия,68.2,9.0,38.6,"клх Курумкан, ул. Братская, д. 506 к. 3/4, 872897",+7 (383) 000-26-09,Очная,91,56,46,64,84
Селиван Валерьянович Жуков,2023,Математика,71.0,8.2,39.6,"п. Ноябрьск, алл. Путейская, д. 322, 276561",+7 946 766 1930,Заочная,45,99,70,58,83
Большакова Фёкла Робертовна,2024,История Беларуси,63.2,7.7,35.4,"с. Шатой, бул. Средний, д. 7, 814533",80415960558,Очная,66,49,65,58,78
Рогова Надежда Евгеньевна,2021,Математика,77.8,9.0,43.4,"д. Санкт-Петербург, ш. Коммунальное, д. 2/1 стр. 9, 057030",8 (026) 912-49-42,Заочная,84,52,89,67,97
Клавдия Георгиевна Логинова,2022,Биология,57.4,8.3,32.8,"г. Новокузнецк, алл. Невского, д. 783 к. 726, 237331",+7 818 993 31 81,Очная,47,80,78,40,42
Артемьев Артем Богданович,2021,Биология,88.4,8.1,48.2,"ст. Устюжна, пер. Братский, д. 50 к. 925, 342392",8 186 274 7036,Заочная,96,99,88,64,95
Вероника Харитоновна Костина,2021,Химия,80.2,9.9,45.1,"д. Урай, пер. Курский, д. 207 к. 4/1, 405775",8 349 706 41 22,Очная,92,45,97,83,84
Тамара Алексеевна Колесникова,2023,Биология,70.8,10.0,40.4,"п. Уссурийск, ул. Карьерная, д. 4 стр. 9/6, 750758",+75858434909,Вечерняя,86,60,55,93,60
Галактион Гордеевич Селезнев,2022,Химия,68.4,6.3,37.4,"с. Белогорск (Амур.), ш. Щетинкина, д. 517 к. 9, 818591",+7 (031) 993-40-53,Вечерняя,76,75,74,58,59
Акулина Яковлевна Ковалева,2023,Химия,72.2,7.8,40.0,"п. Балашов, пер. Локомотивный, д. 9/3 стр. 113, 900295",+7 273 133 3947,Вечерняя,86,80,88,53,54
Зоя Ниловна Егорова,2021,Физика,75.0,8.9,42.0,"к. Руза, пер. Пригородный, д. 22 стр. 5, 990231",8 158 944 41 43,Очная,92,93,93,42,55
Адам Игоревич Маслов,2025,История Беларуси,55.2,9.6,32.4,"ст. Пенза, ул. Чапаева, д. 9, 923619",+7 740 950 26 02,Очная,50,51,49,71,55
Авдей Зиновьевич Лобанов,2025,Химия,64.0,6.7,35.4,"п. Томпа, алл. Промышленная, д. 4/2, 111415",+78431972670,Вечерняя,51,63,67,92,47
Светлана Тарасовна Одинцова,2023,Биология,76.6,8.3,42.4,"г. Торжок, бул. Горняцкий, д. 3/6 к. 64, 932833",+74406862436,Вечерняя,75,65,47,97,99
Сысоев Аггей Геннадиевич,2022,Физика,72.8,8.8,40.8,"к. Красногорск (Моск.), пр. Снежный, д. 6 к. 934, 978229",8 (455) 980-2546,Очная,67,76,80,75,66
Одинцова Нинель Тарасовна,2021,Физика,65.4,8.4,36.9,"клх Курчатов, пер. Просвещения, д. 6/8 к. 49, 819412",8 (629) 743-0224,Вечерняя,56,48,72,92,59
Тарасов Леон Ярославович,2024,История Беларуси,73.2,9.3,41.2,"к. Бодайбо, бул. Осенний, д. 17 стр. 42, 200561",+77373781631,Заочная,87,68,52,85,74
Смирнов Лавр Евстигнеевич,2025,Биология,68.2,7.7,38.0,"г. Нальчик, бул. Веселый, д. 48, 788475",+7 (537) 781-9024,Очная,57,90,44,86,64
Панфил Ильич Муравьев,2024,Биология,87.0,6.7,46.8,"ст. Дмитров, алл. Карьерная, д. 3 к. 8/1, 079466",+7 066 757 02 51,Очная,95,69,89,98,84
Куликова Алевтина Захаровна,2024,Физика,71.4,9.9,40.7,"д. Буденновск, алл. Привольная, д. 316, 249859",82180385409,Очная,95,72,93,40,57
Осипов Исай Богданович,2025,Биология,65.4,9.9,37.7,"п. Ижевск, пер. Молодежный, д. 2/4 стр. 5/5, 200527",+75911507397,Очная,88,50,60,65,64
Шаров Софрон Абрамович,2024,Математика,70.2,6.1,38.2,"к. Елец, ул. Дальняя, д. 500, 876555",+7 (699) 901-1619,Очная,66,88,52,72,73
Наина Владиславовна Лукина,2024,Физика,65.2,8.8,37.0,"п. Борзя, бул. Пархоменко, д. 539 стр. 70, 561225",+7 (213) 832-95-79,Очная,40,60,87,94,45
Марфа Кузьминична Мишина,2024,Химия,55.4,8.2,31.8,"г. Москва, наб. Жукова, д. 6/1, 065891",+75822721828,Очная,44,70,44,77,42
Афанасий Ануфриевич Гордеев,2023,История Беларуси,68.4,7.5,38.0,"ст. Черусти, ул. 60 лет СССР, д. 8 стр. 3, 421013",8 109 138 9120,Вечерняя,76,92,76,49,49
Сергеева Майя Олеговна,2021,Биология,57.2,9.8,33.5,"п. Пышма, наб. Широкая, д. 4 стр. 5/9, 677700",8 279 473 4862,Вечерняя,60,53,48,85,40
Воронцова Ольга Павловна,2025,Физика,60.4,8.5,34.4,"п. Цимлянск, бул. Гаражный, д. 74 к. 11, 660543",+7 (857) 495-71-75,Вечерняя,52,43,40,88,79
Оксана Владиславовна Лазарева,2024,История Беларуси,65.4,8.0,36.7,"д. Архангельск, наб. Привольная, д. 3/4 к. 3, 726005",8 (996) 998-62-76,Вечерняя,67,70,47,78,65
Зиновьева Анна Игоревна,2022,Химия,83.0,9.4,46.2,"п. Старая Русса, пр. Краснознаменный, д. 578 к. 1/7, 772901",+7 124 020 5247,Вечерняя,93,93,42,98,89
Белова Анжела Святославовна,2024,История Беларуси,71.6,9.2,40.4,"д. Камышлов, ш. Щорса, д. 82 к. 6/3, 528776",8 082 695 6750,Заочная,93,83,44,69,69
Устинова Ольга Юрьевна,2025,Биология,69.0,9.1,39.0,"клх Петрозаводск, пр. Сплавный, д. 377 стр. 24, 435848",+7 447 340 2600,Вечерняя,56,87,86,62,54
Силантий Викентьевич Пестов,2024,История Беларуси,62.4,6.5,34.4,"с. Черкесск, наб. Лермонтова, д. 82, 729446",8 823 308 38 14,Очная,53,41,50,90,78
Устинов Фирс Аксёнович,2022,Физика,82.2,8.5,45.4,"ст. Кисловодск, пр. Ветеранов, д. 24 стр. 579, 593946",+7 579 137 7639,Заочная,99,73,77,89,73
Ильина Любовь Ефимовна,2025,Химия,74.8,8.2,41.5,"г. Александровск-Сахалинский, пер. Большой, д. 905 стр. 6/4, 366288",8 (738) 088-55-35,Заочная,54,66,90,73,91
Светозар Ефимович Николаев,2022,Химия,71.4,8.5,40.0,"п. Нижний Тагил, ул. Ключевая, д. 74 стр. 2/1, 918610",+7 242 593 27 78,Заочная,72,63,54,99,69
Вера Тарасовна Большакова,2023,Математика,60.2,7.8,34.0,"с. Ульяновск, наб. О.Кошевого, д. 94 к. 23, 305047",+7 (355) 336-72-12,Вечерняя,90,56,44,68,43
Юлия Сергеевна Зыкова,2022,Физика,63.8,7.8,35.8,"клх Балтийск, ул. Дзержинского, д. 24, 057341",+71987729908,Очная,56,49,56,99,59
Азарий Авдеевич Лыткин,2025,Физика,60.6,6.8,33.7,"с. Елатьма, ул. Космическая, д. 19 к. 599, 618529",8 537 278 8422,Заочная,73,45,92,41,52
Васильева Алла Борисовна,2024,Физика,79.0,6.5,42.8,"к. Новороссийка, пр. Дзержинского, д. 32, 977324",+7 552 590 5527,Заочная,82,87,50,90,86
Стрелков Милан Ильич,2022,История Беларуси,72.4,8.8,40.6,"с. Норильск, пер. Покровский, д. 614 к. 3/6, 951324",+7 (746) 785-13-12,Очная,94,55,70,50,93
Шарапов Евграф Германович,2024,Математика,64.8,9.6,37.2,"г. Новочеркасск, ул. Тополиная, д. 76, 108556",84119476826,Очная,43,79,43,95,64
Акулина Феликсовна Калашникова,2022,Химия,67.2,8.4,37.8,"к. Краснокамск, ул. Полевая, д. 91, 606961",83004607433,Заочная,42,66,68,71,89
тов. Лукин Венедикт Ефимьевич,2023,История Беларуси,61.8,7.1,34.4,"д. Губкин, пер. Толбухина, д. 597, 548554",+7 879 209 5733,Вечерняя,90,58,60,44,57
Баранов Владимир Ефимович,2024,Математика,50.0,7.8,28.9,"с. Шатура, алл. Петровская, д. 9/3, 174385",8 (777) 469-71-15,Заочная,61,60,45,40,44
Милица Кузьминична Федосеева,2022,Биология,72.8,7.3,40.0,"к. Анапа, ул. Совхозная, д. 9/9 стр. 361, 813907",8 576 793 0182,Заочная,65,85,73,88,53
Зайцева Иванна Борисовна,2021,История Беларуси,72.2,8.5,40.4,"с. Сочи, ш. Крылова, д. 5, 174523",+7 645 181 92 60,Вечерняя,66,48,65,96,86
Туров Лев Феофанович,2021,Физика,83.8,6.2,45.0,"п. Ясный (Оренб.), алл. Цветочная, д. 78, 383154",8 923 217 82 66,Заочная,86,95,69,82,87
Спиридон Авдеевич Блохин,2024,Биология,63.0,8.4,35.7,"ст. Углич, ул. Мелиоративная, д. 8, 055978",8 (169) 165-83-26,Очная,65,75,40,47,88
Екатерина Васильевна Игнатьева,2022,Физика,77.4,6.9,42.2,"к. Объячево, пр. Вавилова, д. 223, 342239",8 216 034 2088,Вечерняя,91,54,86,95,61
Уваров Никодим Устинович,2025,Биология,57.2,9.0,33.1,"к. Обоянь, пер. Болотный, д. 598 стр. 29, 551801",8 808 451 46 49,Очная,67,62,53,63,41
Мстислав Викентьевич Ширяев,2024,Биология,76.4,8.7,42.6,"д. Кисловодск, бул. Заовражный, д. 705 стр. 147, 516779",+7 (490) 763-8845,Заочная,53,98,95,90,46
Парамон Фёдорович Дорофеев,2022,Химия,82.8,6.4,44.6,"г. Шумиха, пер. Станционный, д. 3/7 стр. 899, 148519",+7 (517) 828-2168,Очная,62,85,82,86,99
Лебедева Глафира Кирилловна,2022,Биология,78.4,6.4,42.4,"г. Кяхта, бул. Ольховый, д. 9 стр. 7/4, 894748",8 (499) 476-30-83,Очная,97,77,74,90,54
Прохор Владиленович Кулаков,2022,Математика,72.8,7.3,40.0,"ст. Верхотурье, алл. Пригородная, д. 7 стр. 645, 870069",8 165 516 13 10,Вечерняя,94,76,67,49,78
Ульян Адрианович Кулаков,2021,История Беларуси,70.2,9.6,39.9,"к. Кунгур, пр. Крайний, д. 6/8 стр. 131, 560617",+7 917 256 84 60,Очная,78,61,65,83,64
Галина Романовна Кабанова,2023,Химия,51.4,8.6,30.0,"д. Урюпинск, пер. Кубанский, д. 8, 262597",81539052732,Вечерняя,59,64,43,49,42
Никифорова Глафира Руслановна,2025,История Беларуси,73.0,8.3,40.6,"д. Курганинск, пр. Сосновый, д. 82 к. 7, 332789",87927816748,Заочная,57,86,75,86,61
Юлия Леонидовна Селиверстова,2023,Биология,71.0,7.5,39.2,"к. Вытегра, пр. Пионерский, д. 8/1 стр. 23, 087866",+76373643169,Вечерняя,47,79,88,83,58
Вячеслав Антипович Тихонов,2025,Биология,70.0,7.0,38.5,"к. Сызрань, наб. Лазурная, д. 4/3 к. 4, 899342",+7 232 034 31 25,Очная,76,45,91,65,73
Юрий Вячеславович Филиппов,2022,Биология,79.8,6.9,43.4,"г. Осташков, пер. Сурикова, д. 2, 714472",+71200885758,Вечерняя,98,84,45,76,96
София Олеговна Шарапова,2024,Физика,61.0,8.0,34.5,"п. Северобайкальск, ул. Свердлова, д. 8 стр. 4/1, 909498",+70544000898,Вечерняя,61,60,45,45,94
Всемил Игоревич Селезнев,2023,Химия,64.2,9.6,36.9,"с. Октябрьское (Хант.), ш. Кутузова, д. 662 стр. 38, 323933",8 (349) 554-6920,Очная,69,50,69,70,63
Молчанов Лаврентий Евстигнеевич,2024,Математика,75.0,8.8,41.9,"с. Губкинский, бул. Войкова, д. 1 к. 747, 783581",8 647 926 64 85,Заочная,94,42,90,70,79
Алевтина Эльдаровна Русакова,2025,Физика,55.6,9.9,32.8,"с. Махачкала, ул. Советская, д. 92 стр. 6, 267413",8 756 943 74 28,Очная,63,70,45,41,59
Аркадий Архипович Котов,2025,Химия,64.6,8.0,36.3,"п. Можга, ш. Халтурина, д. 113 стр. 5/2, 587950",8 (278) 454-1814,Заочная,43,54,45,93,88
Виктор Ярославович Виноградов,2023,Физика,71.6,8.1,39.8,"клх Усть-Джегута, ш. Волкова, д. 9/2 стр. 56, 042018",8 313 650 49 14,Очная,77,90,96,41,54
Надежда Валериевна Панфилова,2021,История Беларуси,73.2,6.7,40.0,"к. Североморск, наб. Орловская, д. 5/1 к. 720, 321296",8 004 680 14 27,Заочная,65,90,84,83,44
Кузнецова Дарья Владимировна,2021,Математика,65.0,8.9,37.0,"д. Борзя, бул. Набережный, д. 3/3, 017812",+7 (655) 062-4604,Заочная,93,43,58,59,72
Комиссаров Эраст Данилович,2023,Математика,59.0,7.2,33.1,"г. Кош-Агач, алл. Высотная, д. 784 к. 24, 594969",8 (376) 377-2320,Очная,51,86,40,65,53
Андреев Ладимир Филимонович,2022,Физика,67.0,8.4,37.7,"к. Кингисепп, пер. Запрудный, д. 590, 591675",+7 (156) 064-43-13,Заочная,76,50,75,52,82
Яковлев Глеб Жанович,2022,Математика,64.4,6.3,35.4,"клх Урай, пер. Монтажников, д. 900 стр. 27, 208207",8 243 723 72 93,Заочная,45,89,95,49,44
Селиван Елизарович Игнатьев,2022,Биология,59.2,6.4,32.8,"д. Йошкар-Ола, ул. Сельская, д. 69, 231724",83676064732,Заочная,83,41,52,79,41
Прохоров Болеслав Андреевич,2025,Физика,55.6,7.9,31.8,"к. Химки, ш. 60 лет СССР, д. 65 к. 52, 349157",8 891 763 91 16,Заочная,76,48,56,48,50
Евфросиния Романовна Ермакова,2021,Биология,76.8,9.7,43.2,"г. Верхний Уфалей, ш. Сплавное, д. 1, 734881",+7 950 318 3210,Вечерняя,77,94,74,69,70
Милица Феликсовна Маслова,2021,Химия,83.2,8.9,46.1,"п. Объячево, пер. Севастопольский, д. 5 к. 2/9, 345413",8 (319) 489-67-76,Заочная,99,83,89,53,92
Евгения Максимовна Третьякова,2023,Математика,64.0,9.7,36.8,"д. Воскресенск, ул. Л.Толстого, д. 1/3, 487072",+7 248 983 01 90,Очная,48,73,51,74,74
Молчанова Надежда Феликсовна,2021,История Беларуси,65.0,9.2,37.1,"с. Тулун, пер. Станиславского, д. 125 стр. 927, 341455",+7 272 742 64 08,Заочная,61,99,68,47,50
Комарова Раиса Натановна,2023,Биология,71.0,6.7,38.8,"к. Городовиковск, ш. Щетинкина, д. 8/2 к. 2, 858407",+7 787 425 7835,Вечерняя,53,99,69,74,60
Любовь Наумовна Афанасьева,2025,Физика,63.4,7.3,35.4,"с. Тутаев, ш. Красина, д. 97 стр. 609, 372940",8 (749) 008-7758,Заочная,58,98,53,65,43
Бобров Будимир Алексеевич,2022,Биология,65.6,7.8,36.7,"п. Нягань, ул. Ясная, д. 4 стр. 4, 876366",8 969 071 3746,Заочная,81,64,57,79,47
Тетерина Елизавета Кирилловна,2021,История Беларуси,72.6,9.0,40.8,"к. Верхоянск, ул. Азина, д. 324 стр. 1, 455840",+7 (957) 103-86-32,Заочная,53,71,90,77,72
Элеонора Ивановна Харитонова,2024,Физика,63.6,7.6,35.6,"ст. Инта, алл. Инженерная, д. 6/9 к. 827, 028959",8 208 410 2482,Очная,54,72,64,56,72
Гордеева Прасковья Тимофеевна,2021,Математика,68.8,8.5,38.6,"г. Великий Устюг, пер. Главный, д. 8 стр. 1, 339079",+7 338 611 23 23,Заочная,41,53,92,79,79
Быкова Кира Андреевна,2023,Биология,53.6,8.9,31.2,"д. Кетченеры, бул. Колхозный, д. 6 стр. 50, 975703",8 635 215 9593,Заочная,90,45,45,42,46
Веселов Гаврила Бенедиктович,2024,Физика,76.0,8.0,42.0,"п. Любань, пр. Николаева, д. 8/3 стр. 37, 089792",8 574 363 72 76,Вечерняя,81,91,54,86,68
Венедикт Вячеславович Смирнов,2025,Математика,71.2,6.6,38.9,"клх Лабинск, ш. 9 мая, д. 3/7, 632819",+7 (157) 054-8825,Заочная,69,78,66,75,68
Ангелина Алексеевна Жданова,2023,Физика,76.0,6.1,41.0,"с. Александровск, наб. Молодежная, д. 27, 341836",+7 603 742 33 51,Заочная,72,76,66,94,72
Кононов Виктор Виленович,2022,Физика,58.6,9.0,33.8,"п. Касимов, наб. Покровская, д. 275 к. 7, 617812",8 231 357 47 03,Заочная,61,41,49,44,98
Архип Ануфриевич Иванов,2023,Физика,75.6,9.4,42.5,"г. Буйнакск, наб. Совхозная, д. 892 к. 4, 315648",8 551 067 64 95,Вечерняя,93,77,52,70,86
Агафья Руслановна Белякова,2021,Биология,74.2,8.2,41.2,"д. Цимлянск, алл. Тракторная, д. 2/6, 215977",84827962624,Заочная,63,91,95,54,68
Селиверстов Мстислав Ерофеевич,2024,Биология,66.4,8.9,37.7,"клх Тосно, алл. Надежды, д. 8, 037758",+7 876 751 4517,Заочная,68,86,43,51,84
Овчинников Любомир Ерофеевич,2023,Математика,80.0,8.9,44.4,"с. Урай, ул. Нахимова, д. 36 стр. 69, 439962",8 037 661 6061,Заочная,70,90,90,75,75
Дмитрий Валерьянович Лыткин,2025,Физика,53.6,7.4,30.5,"ст. Ишим, ул. Широкая, д. 44 к. 4, 124026",8 214 329 70 24,Вечерняя,66,44,59,50,49
Ия Михайловна Кузнецова,2024,Химия,61.0,9.8,35.4,"к. Вилюйск, алл. Кольцова, д. 5/1 стр. 6, 645764",8 (073) 948-69-68,Вечерняя,45,47,62,86,65
Синклитикия Андреевна Григорьева,2023,Математика,60.8,8.4,34.6,"п. Ковров, ул. Овражная, д. 8/1 к. 71, 060911",+74372783462,Заочная,51,65,52,79,57
Галкин Рюрик Ефремович,2022,Математика,79.4,6.4,42.9,"клх Невинномысск, пер. Грибоедова, д. 2/5 стр. 6, 413748",8 (675) 236-79-09,Очная,86,79,99,82,51
Авдеев Евсей Терентьевич,2021,Химия,69.0,8.8,38.9,"д. Кировск (Мурм.), алл. Славянская, д. 56 стр. 381, 940197",+7 008 402 18 72,Очная,87,43,44,95,76
Трифон Ефремович Лукин,2025,Биология,80.6,6.3,43.4,"клх Химки, ул. Казанская, д. 3/6, 833556",+74082082131,Очная,81,88,67,70,97
Клавдия Оскаровна Савельева,2023,Биология,74.0,9.7,41.8,"п. Туапсе, бул. Ермака, д. 889 к. 38, 949835",+7 (901) 800-36-78,Заочная,90,68,53,79,80
Епифан Фёдорович Мясников,2021,Физика,64.6,6.7,35.6,"г. Городовиковск, наб. Кузнецкая, д. 60 стр. 8, 333917",+70607846904,Заочная,62,40,85,76,60
Фёкла Григорьевна Орехова,2022,Физика,73.2,9.5,41.4,"д. Глазов, пр. Краснознаменный, д. 86 стр. 2/1, 843068",+70744880555,Заочная,75,93,62,96,40
Кириллов Демьян Игнатьевич,2024,Химия,75.4,7.5,41.4,"клх Оленегорск (Якут.), пр. Кирова, д. 8, 612392",+7 876 933 52 00,Очная,94,90,79,54,60
Лазарев Адам Арсенович,2025,История Беларуси,75.2,6.0,40.6,"к. Петрозаводск, пер. Поселковый, д. 800, 292316",+7 557 743 1039,Вечерняя,92,48,49,91,96
Носков Алексей Авдеевич,2025,Биология,74.8,9.7,42.2,"к. Нефтегорск (Самар.), бул. Боровой, д. 95 к. 81, 053132",8 (060) 189-05-22,Заочная,80,74,91,64,65
Киселева Агафья Петровна,2022,История Беларуси,56.6,9.7,33.2,"ст. Краснокамск, пер. Каштановый, д. 2 стр. 2/6, 323065",8 (492) 956-5956,Очная,41,46,57,66,73
Агап Фокич Ефимов,2024,Математика,90.2,7.0,48.6,"п. Беслан, ш. Медицинское, д. 55 стр. 98, 133462",8 633 936 3167,Вечерняя,82,98,83,98,90
Дорофеев Фадей Власович,2023,Физика,67.6,9.7,38.6,"с. Волгоград, ш. Литейное, д. 89 к. 65, 460787",+7 (450) 237-9842,Заочная,64,46,91,45,92
Котов Назар Захарьевич,2021,Химия,72.8,6.1,39.4,"п. Пушкин, пер. Высоцкого, д. 4/3 стр. 368, 289027",+7 286 818 3247,Очная,88,68,82,61,65
Медведев Фирс Георгиевич,2024,Физика,61.8,7.8,34.8,"клх Тверь, ул. Кубанская, д. 608, 214477",8 700 543 21 41,Заочная,60,88,46,56,59
Терентий Валерианович Лыткин,2023,Химия,71.8,8.0,39.9,"с. Мытищи, пр. Социалистический, д. 586 к. 851, 006437",+70669889170,Заочная,59,93,61,67,79
Смирнов Филипп Валентинович,2025,Физика,58.8,7.7,33.2,"п. Нижневартовск, пер. Лунный, д. 3, 444704",8 622 252 3252,Вечерняя,40,71,52,69,62
Логинова Евфросиния Владиславовна,2021,Математика,72.2,8.5,40.4,"с. Кызыл, ул. Шевченко, д. 63 стр. 17, 660302",+7 020 759 64 19,Очная,95,58,71,69,68
Анна Тимофеевна Дмитриева,2023,Физика,65.8,6.3,36.0,"с. Заводоуковск, ш. Садовое, д. 94 стр. 1, 919917",8 (979) 389-2711,Вечерняя,68,69,55,79,58
Сысоева Анжела Архиповна,2024,Химия,71.8,8.1,39.9,"с. Ардон, бул. Школьный, д. 1 стр. 560, 977803",8 878 012 4066,Заочная,53,90,86,89,41
Евсеев Аггей Харитонович,2023,История Беларуси,82.6,6.6,44.6,"к. Агинское (Забайк.), пер. Вокзальный, д. 10, 299989",81440546845,Вечерняя,88,89,69,77,90
Модест Чеславович Федотов,2024,Физика,65.4,9.0,37.2,"п. Миасс, алл. Березовая, д. 9/4, 409870",83358761755,Вечерняя,40,47,68,94,78
Евдокия Сергеевна Лихачева,2025,Биология,62.8,7.6,35.2,"к. Сладково, пр. Ольховый, д. 2 к. 8/5, 463331",8 (935) 755-69-51,Очная,49,49,58,85,73
Яков Артемьевич Третьяков,2024,Биология,76.6,9.5,43.0,"г. Приозерск, ш. Шолохова, д. 9, 709959",8 (994) 588-7509,Заочная,62,94,67,71,89
Аверьян Харитонович Исаков,2024,Математика,63.8,6.9,35.4,"клх Буйнакск, пер. Степана Разина, д. 182 стр. 464, 535867",+79480560473,Вечерняя,47,40,96,94,42
Федосий Филимонович Осипов,2023,Биология,84.0,8.3,46.2,"г. Джубга, алл. Черноморская, д. 731 к. 5/9, 201935",8 (450) 855-20-74,Очная,98,47,93,96,86
Бирюкова Ия Рубеновна,2022,Химия,72.4,6.4,39.4,"с. Лодейное Поле, бул. Максима Горького, д. 195 стр. 6, 262727",8 938 694 28 46,Заочная,90,72,67,86,47
Назар Артемьевич Шаров,2025,История Беларуси,70.6,9.2,39.9,"ст. Курчатов, пер. Новоселов, д. 33 стр. 741, 466848",81119747857,Заочная,71,63,53,71,95
Иванова Любовь Георгиевна,2022,Физика,71.6,6.8,39.2,"п. Шелехов, ул. Лесозаводская, д. 29, 766272",+7 (011) 891-52-98,Заочная,55,43,91,76,93
Юлиан Валерианович Громов,2021,Математика,70.8,8.5,39.6,"д. Кизел, ш. Буденного, д. 9/7 к. 52, 877338",+73022375598,Заочная,70,94,87,57,46
Флорентин Венедиктович Игнатьев,2022,Математика,67.8,6.7,37.2,"клх Чебаркуль, бул. Линейный, д. 8 стр. 7, 371447",8 717 405 7642,Вечерняя,72,62,60,58,87
Тамара Викторовна Федотова,2023,Биология,68.0,9.6,38.8,"клх Бавлы, пр. Запрудный, д. 27, 800837",+7 (372) 486-0991,Заочная,75,68,99,57,41
Лихачев Варфоломей Эдуардович,2025,Математика,55.0,7.5,31.2,"клх Гусь-Хрустальный, алл. Болотная, д. 900 к. 65, 387773",+7 714 105 4706,Очная,44,59,50,81,41
Галкин Илья Иларионович,2021,Математика,64.8,7.6,36.2,"с. Хасан, ул. Новая, д. 208 стр. 6, 676216",+70537854344,Очная,94,51,59,44,76
Романов Любомир Елисеевич,2022,Математика,73.0,6.9,40.0,"к. Братск, пер. Лесный, д. 8, 553472",+7 (896) 821-3615,Заочная,69,48,73,92,83
Селиверстов Олег Бенедиктович,2025,Математика,72.0,9.5,40.8,"с. Пермь, бул. Шмидта, д. 9/4 к. 470, 852833",+7 652 960 16 18,Заочная,97,61,83,63,56
Герасимов Авксентий Денисович,2025,Физика,82.2,7.7,45.0,"клх Гатчина, алл. Марта 8, д. 2, 047664",+7 070 322 16 15,Заочная,95,98,85,62,71
Любовь Алексеевна Костина,2025,Химия,65.2,8.8,37.0,"п. Калач, наб. М.Горького, д. 3/2 к. 831, 221246",8 249 896 1284,Очная,90,56,53,48,79
Евпраксия Захаровна Костина,2024,Биология,68.8,9.3,39.0,"ст. Новокузнецк, ул. Октября, д. 8 стр. 1/4, 560532",+79500861263,Заочная,64,78,48,93,61
Лаврентий Зиновьевич Наумов,2021,Математика,71.4,8.8,40.1,"к. Вилюйск, пр. Пригородный, д. 8, 735811",8 (526) 575-7823,Очная,43,65,97,68,84
Силантий Егорович Марков,2023,История Беларуси,57.6,9.3,33.4,"с. Юрюзань, наб. Черемуховая, д. 8/7 к. 14, 201651",8 (982) 727-44-04,Очная,76,50,45,57,60
Гуляева Октябрина Вениаминовна,2024,Биология,72.4,8.6,40.5,"клх Люберцы, алл. Морозова, д. 3, 961971",+79374232309,Очная,80,77,73,56,76
Третьякова Евдокия Макаровна,2021,История Беларуси,76.6,6.6,41.6,"ст. Махачкала, пр. Элеваторный, д. 5 стр. 6, 014732",+7 (840) 016-29-16,Очная,97,51,62,92,81
Дарья Степановна Григорьева,2022,Математика,68.6,8.4,38.5,"д. Североуральск, ш. Революционное, д. 112 стр. 9, 425817",+7 951 355 77 96,Вечерняя,66,96,70,45,66
Поликарп Харлампович Сазонов,2021,Биология,73.8,8.3,41.0,"п. Забайкальск, ул. Докучаева, д. 78, 927684",+72591793271,Заочная,51,84,96,92,46
Мечислав Исидорович Лукин,2023,Биология,69.0,7.7,38.4,"г. Пушкинские Горы, алл. Матросова, д. 23, 187701",+7 (619) 364-1145,Вечерняя,56,65,60,67,97
Вероника Никифоровна Корнилова,2024,История Беларуси,71.0,6.3,38.6,"п. Яр-Сале, пр. Комарова, д. 16 к. 2/8, 852933",8 (854) 181-90-55,Вечерняя,41,99,93,82,40
Якушев Мечислав Теймуразович,2024,Биология,71.6,9.3,40.4,"клх Радужный, алл. Ленинградская, д. 7 к. 233, 026218",+7 (389) 773-38-73,Очная,75,90,65,68,60
Артемий Димитриевич Пономарев,2022,История Беларуси,77.8,8.4,43.1,"п. Нерчинск, бул. Звездный, д. 278 стр. 7/2, 679637",8 (500) 974-32-12,Очная,50,75,88,98,78
Крюкова Лидия Юльевна,2021,Математика,81.8,9.7,45.8,"г. Костомукша, алл. Л.Толстого, д. 256, 641065",+7 776 336 24 70,Очная,93,73,94,86,63
Лаврентьев Ярослав Марсович,2021,Химия,76.6,8.2,42.4,"г. Красноуральск, пр. Боровой, д. 932 к. 3/5, 154684",8 401 576 0321,Очная,44,95,72,97,75
Корнилов Георгий Юлианович,2025,Химия,72.2,8.0,40.1,"к. Верхний Уфалей, пер. Гастелло, д. 7 стр. 693, 494756",8 827 090 6671,Вечерняя,58,74,91,82,56
Пестова Глафира Альбертовна,2022,Физика,70.4,7.9,39.2,"к. Вендинга, наб. Свободы, д. 30 стр. 7, 237569",+7 874 945 1398,Вечерняя,84,82,73,48,65
Аполлинарий Эдгарович Егоров,2022,Химия,54.2,8.0,31.1,"п. Шерегеш, пр. Бригадный, д. 6/2 к. 9, 513742",+7 (182) 560-93-24,Вечерняя,48,48,79,56,40
Евфросиния Вадимовна Дьячкова,2023,Химия,76.8,6.3,41.6,"ст. Воскресенск, пр. Севастопольский, д. 7 стр. 32, 399612",82139661333,Вечерняя,82,79,81,64,78
Потап Демьянович Блохин,2024,Биология,84.2,7.1,45.6,"д. Боровск, ул. Войкова, д. 3 стр. 483, 281699",+7 (471) 983-7409,Очная,89,76,83,83,90
Алла Михайловна Шарапова,2024,Физика,68.2,9.2,38.7,"клх Петрозаводск, алл. Рязанская, д. 9 стр. 2, 272597",+7 933 984 2774,Очная,73,51,58,76,83
Князева Евпраксия Григорьевна,2024,Математика,76.6,8.1,42.3,"клх Алдан, ул. Володарского, д. 2 стр. 86, 215647",8 271 732 89 30,Очная,88,56,49,96,94
г-н Исаев Мечислав Антонович,2025,История Беларуси,54.8,8.6,31.7,"с. Троицк (Моск.), ул. Короткая, д. 4/1 стр. 304, 287027",+7 040 676 35 90,Очная,51,55,63,58,47
Орест Евсеевич Киселев,2023,Химия,68.4,9.4,38.9,"клх Славянск-на-Кубани, пер. Островского, д. 172 к. 3/6, 456077",+7 659 665 72 81,Очная,56,62,76,93,55
Карпов Анисим Марсович,2024,Физика,58.0,8.8,33.4,"п. Якша, ш. Светлое, д. 25 стр. 7, 289906",87994571070,Очная,64,57,64,51,54
Любовь Матвеевна Мишина,2023,Биология,77.2,8.8,43.0,"ст. Петропавловск-Камчатский, ул. Короткая, д. 47 стр. 8, 735722",8 377 412 84 45,Заочная,80,84,65,86,71
Дементьева Фёкла Владиславовна,2025,Математика,57.8,7.9,32.8,"ст. Майкоп, алл. Коллективная, д. 1/7, 688606",8 (216) 127-3400,Заочная,46,56,62,65,60
Уваров Олимпий Феодосьевич,2024,Математика,58.2,7.2,32.7,"д. Домодедово, ш. Авиационное, д. 53, 376261",+7 350 878 2266,Очная,46,53,54,92,46
Баранова Майя Рудольфовна,2021,Математика,76.6,9.2,42.9,"п. Сасово, алл. Ягодная, д. 74, 192107",+7 474 567 97 41,Вечерняя,87,47,89,98,62
Осипова Олимпиада Леоновна,2022,История Беларуси,76.4,7.3,41.8,"к. Усть-Катав, бул. Ивановский, д. 851 стр. 74, 697225",+7 050 417 9644,Очная,70,69,91,78,74
Пестова Марина Артемовна,2025,Биология,67.6,7.5,37.6,"к. Галич, бул. Мостовой, д. 7/6 к. 57, 154507",8 575 756 53 68,Заочная,81,78,56,53,70
Горшкова Оксана Игоревна,2023,Математика,76.2,8.8,42.5,"п. Нальчик, бул. Папанина, д. 75 стр. 13, 230157",8 (543) 698-30-21,Очная,83,99,84,73,42
Юлия Леонидовна Бирюкова,2021,Химия,76.6,8.3,42.4,"клх Рыльск, ш. Кузнецкое, д. 694 стр. 477, 715171",8 411 274 57 19,Заочная,79,65,94,62,83
Семенова Алина Архиповна,2023,История Беларуси,71.0,7.3,39.2,"клх Гремячинск (Перм.), наб. Астраханская, д. 97, 922539",+7 (258) 386-36-85,Вечерняя,95,88,43,68,61
Михайлов Панфил Глебович,2023,История Беларуси,69.8,9.5,39.6,"с. Арсеньев, алл. Городская, д. 494, 924827",8 (327) 461-6288,Вечерняя,57,72,55,84,81
Иван Иосипович Шилов,2025,Химия,72.6,6.1,39.3,"г. Вендинга, ул. Васильковая, д. 4 стр. 59, 770717",+7 (247) 466-14-16,Заочная,41,94,74,81,73
Лавр Елисеевич Колесников,2023,Биология,65.2,9.7,37.4,"д. Бронницы, ш. Клубное, д. 5/7, 044070",+7 (539) 460-3711,Вечерняя,94,52,52,57,71
Егоров Станислав Ануфриевич,2022,История Беларуси,84.0,9.1,46.6,"п. Миллерово, бул. Гаражный, д. 29, 031704",8 (895) 070-5629,Заочная,98,78,85,91,68
Корнилов Флорентин Марсович,2023,Биология,78.8,9.5,44.2,"г. Мезень, алл. Социалистическая, д. 512 к. 8, 637553",8 (188) 590-73-68,Очная,68,92,83,96,55
Суханова Агафья Антоновна,2022,Химия,72.8,7.3,40.0,"д. Грозный, пр. О.Кошевого, д. 5/7 к. 1, 319406",+7 (553) 613-62-19,Очная,86,96,49,69,64
Нинель Антоновна Соколова,2025,Физика,60.0,6.4,33.2,"с. Белоярский, бул. Ручейный, д. 58 к. 127, 113247",+7 228 238 1501,Заочная,59,44,40,69,88
Фёкла Альбертовна Новикова,2025,История Беларуси,69.8,8.9,39.4,"с. Старая Русса, ш. Литейное, д. 11, 941242",+7 (925) 104-95-03,Заочная,53,95,69,89,43
Сафонова Надежда Альбертовна,2024,Биология,71.8,10.0,40.9,"г. Великий Устюг, ш. Орловское, д. 9 к. 8, 135610",8 (417) 698-6927,Вечерняя,76,64,87,40,92
Синклитикия Михайловна Киселева,2025,Математика,69.8,6.5,38.2,"с. Великие Луки, пер. Гончарова, д. 97 стр. 42, 413200",87624784839,Вечерняя,48,54,88,96,63
Надежда Семеновна Тарасова,2024,Биология,85.8,8.4,47.1,"клх Ноябрьск, алл. Мелиораторов, д. 5 к. 95, 256592",8 (238) 751-28-78,Вечерняя,98,97,76,76,82
Иннокентий Иосифович Кабанов,2021,История Беларуси,74.2,9.6,41.9,"д. Щельяюр, бул. Коммунальный, д. 6 к. 69, 613134",80438510187,Вечерняя,78,95,85,63,50
Васильева Пелагея Федоровна,2021,Математика,63.4,6.9,35.2,"г. Урай, наб. Ставропольская, д. 873 стр. 5/9, 469932",84219743140,Вечерняя,73,64,46,91,43
Алла Эльдаровна Юдина,2021,Физика,80.4,8.1,44.2,"к. Кудымкар, пр. Менделеева, д. 79, 852714",+7 837 780 2264,Очная,59,68,93,92,90
Красильников Ипполит Трифонович,2024,Физика,73.0,6.1,39.6,"п. Троицк (Моск.), алл. ДОС, д. 7, 312992",+7 482 902 5181,Заочная,49,82,73,96,65
Никифоров Валентин Валерьевич,2025,Биология,64.6,6.2,35.4,"д. Бреды, алл. Ореховая, д. 5 стр. 4/7, 918372",+7 (259) 886-2075,Вечерняя,97,42,95,45,44
Ефимов Кирилл Авдеевич,2025,История Беларуси,71.6,8.4,40.0,"п. Ирбит, ул. Машиностроителей, д. 192 стр. 5, 611752",+7 838 282 0437,Вечерняя,86,62,88,48,74
Горбунов Петр Феофанович,2021,История Беларуси,86.0,8.0,47.0,"с. Звенигород, пер. Южный, д. 3, 833334",+7 (217) 862-8738,Заочная,88,98,81,74,89
Хохлова Ангелина Вячеславовна,2025,Математика,61.2,6.9,34.1,"с. Вологда, пер. Клары Цеткин, д. 85 к. 849, 066929",+76482770691,Очная,56,63,42,71,74
тов. Шарапова Валерия Дмитриевна,2021,Физика,67.2,8.3,37.8,"с. Мурманск, пер. Челюскинцев, д. 34, 919702",8 096 688 2281,Заочная,95,86,64,48,43
Егоров Сильвестр Ануфриевич,2022,История Беларуси,68.0,7.1,37.6,"д. Барнаул, пр. Нагорный, д. 94, 124702",8 (974) 083-4370,Вечерняя,73,50,80,95,42
Фёкла Эльдаровна Лебедева,2023,Математика,59.0,9.4,34.2,"к. Можайск, ш. Смирнова, д. 5 стр. 4/5, 646751",8 (530) 582-7483,Очная,68,48,42,64,73
Федосеев Платон Аверьянович,2022,Биология,57.8,8.9,33.4,"ст. Алапаевск, ул. Кооперативная, д. 788 к. 21, 276163",8 022 468 2191,Очная,48,54,79,64,44
Дарья Сергеевна Мухина,2023,Биология,73.2,7.0,40.1,"ст. Дубна, наб. Путейская, д. 40 стр. 3, 596084",+7 (762) 110-03-39,Очная,73,63,99,54,77
Антонина Матвеевна Самойлова,2025,Физика,59.6,9.8,34.7,"к. Всеволожск, пр. Гончарова, д. 104 стр. 4, 905165",82452375521,Заочная,44,87,65,57,45
Максимов Харлампий Андреевич,2021,История Беларуси,60.4,9.4,34.9,"клх Бирск, пр. Логовой, д. 2/6, 091491",+7 853 771 18 66,Заочная,87,52,67,44,52
Анастасия Ефимовна Баранова,2023,Математика,78.4,9.3,43.8,"д. Асбест, ш. 8 Марта, д. 5, 984211",8 (472) 106-5277,Очная,79,84,71,68,90
Полина Робертовна Селиверстова,2022,История Беларуси,78.4,9.5,44.0,"к. Цимлянск, ш. Пушкинское, д. 52, 059836",84681199510,Очная,95,79,73,79,66
Митофан Харламович Самсонов,2022,Химия,58.6,8.6,33.6,"клх Туруханск, ул. Портовая, д. 47, 289014",8 479 561 0144,Заочная,72,45,63,58,55
Авдеев Серафим Феофанович,2021,Биология,87.0,7.3,47.2,"п. Камышин, пер. Культуры, д. 60 к. 6/8, 683355",+7 754 943 41 22,Очная,72,98,98,87,80
Изот Борисович Пахомов,2025,Математика,79.2,8.5,43.8,"клх Ребриха, наб. Добролюбова, д. 635, 368068",+7 919 621 99 31,Заочная,84,64,92,81,75
Виктор Венедиктович Михайлов,2023,История Беларуси,69.6,9.8,39.7,"к. Курган, алл. Бригадная, д. 7/5, 327722",+7 (363) 288-5248,Вечерняя,77,99,46,44,82
Уваров Мстислав Харитонович,2022,Физика,79.8,6.5,43.2,"ст. Оренбург, пер. Уральский, д. 2 к. 46, 340060",+7 (948) 961-1467,Очная,96,90,70,62,81
Пелагея Богдановна Петухова,2023,Физика,78.2,6.0,42.1,"д. Мичуринск, пер. Ставропольский, д. 28, 648652",+7 (062) 400-64-67,Очная,82,92,69,78,70
Владимирова Анастасия Борисовна,2023,Химия,53.0,6.0,29.5,"клх Кострома, пер. Зеленый, д. 42, 171652",8 086 227 1683,Вечерняя,41,53,52,68,51
Майя Олеговна Кулагина,2021,Химия,72.4,8.2,40.3,"клх Касимов, ул. 50 лет ВЛКСМ, д. 5/6, 302716",+7 (499) 415-5161,Заочная,71,52,85,66,88
Марков Будимир Викторович,2021,Физика,76.8,9.3,43.0,"ст. Усть-Баргузин, алл. Осипенко, д. 4 к. 1/2, 863963",86947636878,Очная,79,70,73,99,63
Нинель Александровна Корнилова,2025,История Беларуси,61.0,8.2,34.6,"д. Кострома, наб. Никитина, д. 866, 438810",8 (721) 609-20-97,Очная,87,45,58,69,46
Виктория Максимовна Красильникова,2022,Математика,72.8,9.7,41.2,"г. Белорецк, пр. Кавказский, д. 3, 663970",+70288261083,Заочная,71,73,67,99,54
Галактион Федотович Андреев,2022,Физика,60.4,9.1,34.8,"п. Арзамас, пер. Репина, д. 1, 113131",+79755292945,Вечерняя,68,61,43,59,71
Самсонов Стоян Жанович,2021,Химия,55.4,8.8,32.1,"п. Ребриха, ш. Пролетарское, д. 707 к. 709, 049640",8 (078) 284-08-11,Очная,43,66,56,51,61
Наина Робертовна Дроздова,2023,Математика,70.8,6.2,38.5,"с. Ижевск, алл. Маяковского, д. 39 стр. 8, 184682",8 (187) 534-24-58,Вечерняя,93,40,61,65,95
Парфен Федосеевич Лыткин,2025,Математика,69.4,9.0,39.2,"к. Кунгур, пер. Больничный, д. 8/4, 741232",+79890645302,Вечерняя,89,53,86,68,51
Крылов Изяслав Артемьевич,2022,Физика,66.0,6.1,36.0,"клх Москва, МГУ, пр. Октябрьский, д. 8 к. 48, 192933",+7 (294) 013-45-87,Очная,74,91,51,46,68
Регина Игоревна Михайлова,2025,Математика,69.2,7.0,38.1,"к. Жигулевск, пер. Чкалова, д. 1, 629439",8 (824) 226-6524,Очная,45,86,54,71,90
Кирилл Витальевич Горбунов,2025,Химия,71.6,10.0,40.8,"ст. Мценск, ш. Станиславского, д. 9/3 к. 76, 146156",8 423 734 1456,Вечерняя,62,65,73,85,73
Юрий Тимурович Мартынов,2021,Математика,68.0,8.1,38.0,"п. Диксон, алл. Ульяновская, д. 16, 442109",+7 242 823 8282,Заочная,56,74,52,80,78
Потапова Олимпиада Геннадиевна,2023,Химия,69.6,6.3,37.9,"с. Нязепетровск, алл. Угловая, д. 5 к. 1/9, 019410",+73742715382,Очная,68,68,50,91,71
Носова Майя Семеновна,2025,Математика,57.8,9.5,33.6,"г. Гудермес, ш. Мелиоративное, д. 431 стр. 9, 249571",8 (247) 454-2778,Очная,53,59,61,50,66
Прасковья Павловна Кулакова,2021,История Беларуси,74.6,9.6,42.1,"п. Тверь, наб. Кирова, д. 36, 108963",+7 (520) 312-98-29,Очная,83,95,67,68,60
Кабанов Ярополк Тарасович,2024,Физика,67.2,7.1,37.2,"к. Камышин, пер. Кедровый, д. 66, 452100",+7 519 031 35 11,Очная,76,98,59,45,58
Элеонора Антоновна Турова,2021,Химия,75.2,8.9,42.1,"п. Нарым, бул. Энгельса, д. 226 стр. 6/6, 756510",+7 (011) 209-19-88,Вечерняя,42,98,40,97,99
Леон Исидорович Муравьев,2021,Химия,72.4,7.5,40.0,"ст. Нефтеюганск, ш. Лунное, д. 599 к. 2/7, 381641",+7 485 620 21 33,Вечерняя,73,74,88,64,63
Горбачев Боян Антонович,2021,Химия,61.0,6.6,33.8,"к. Крымск, пер. Бригадный, д. 761, 756425",+7 722 275 9734,Очная,54,83,55,66,47
тов. Васильева Нинель Кузьминична,2022,Математика,65.4,9.1,37.2,"к. Люберцы, пер. Песочный, д. 8/1, 087730",8 802 258 0540,Вечерняя,64,56,68,92,47
Пелагея Ивановна Лихачева,2025,Физика,70.6,9.2,39.9,"с. Сальск, алл. Серафимовича, д. 113, 801838",+7 546 486 2378,Вечерняя,85,89,91,46,42
Фомин Адриан Геннадиевич,2022,Физика,86.8,8.5,47.6,"ст. Усть-Калманка, ш. Парижской Коммуны, д. 7 к. 71, 557126",+7 749 091 7803,Вечерняя,83,92,63,99,97
Агафья Кузьминична Баранова,2024,История Беларуси,65.0,8.4,36.7,"г. Туруханск, пр. Лермонтова, д. 6 к. 3/3, 956941",+7 470 876 0536,Очная,85,54,64,69,53
Мирон Ефстафьевич Евдокимов,2022,Математика,68.4,6.9,37.7,"клх Усть-Джегута, пер. Достоевского, д. 3/8, 217488",89554737743,Заочная,83,59,75,48,77
Вероника Вадимовна Блохина,2022,Биология,87.4,8.4,47.9,"ст. Домодедово, пр. Бригадный, д. 39 к. 544, 770163",8 172 837 08 38,Заочная,99,61,93,92,92
Ульяна Семеновна Лукина,2021,Биология,50.4,7.9,29.2,"д. Ревда (Сверд.), пер. Гвардейский, д. 1 стр. 1, 548494",+7 072 763 93 55,Очная,47,50,52,56,47
Кузьмина Элеонора Геннадиевна,2021,Биология,73.4,8.9,41.2,"к. Брянск, бул. Энергетический, д. 33, 447760",+7 157 244 3612,Заочная,69,57,85,86,70
Юлиан Антипович Смирнов,2022,Физика,73.8,9.1,41.4,"ст. Братск, пр. Металлургов, д. 3/8, 215126",88029347497,Очная,50,84,64,72,99
Жукова Зинаида Владиславовна,2022,Биология,62.2,6.6,34.4,"г. Ижевск, наб. Клары Цеткин, д. 68 стр. 9/7, 238701",+7 (636) 400-0011,Очная,47,50,61,90,63
Пестов Семен Геннадиевич,2025,Математика,71.4,8.0,39.7,"п. Вытегра, пр. Студенческий, д. 8 стр. 10, 579902",8 639 806 55 44,Заочная,51,96,85,71,54
Бажен Евстигнеевич Логинов,2023,Математика,61.6,9.1,35.4,"г. Катайск, бул. Новосельский, д. 3/1, 655966",8 743 844 1819,Вечерняя,61,67,59,72,49
Фаина Филипповна Алексеева,2024,Математика,74.6,6.4,40.5,"клх Нерчинск, алл. Тельмана, д. 66 стр. 200, 976347",8 455 849 18 75,Очная,89,99,72,41,72
Шубина Ия Мироновна,2025,Математика,67.2,7.4,37.3,"п. Азов (Рост.), наб. Черемушки, д. 6/9, 710149",81188574088,Заочная,52,69,72,52,91
Иларион Иосифович Устинов,2022,Физика,67.8,8.8,38.3,"с. Геленджик, наб. Победы, д. 6 стр. 8/6, 624859",+7 (324) 828-17-09,Вечерняя,78,41,77,78,65
Лукин Евстафий Исидорович,2025,Химия,78.2,8.7,43.4,"п. Хужир, пр. Черемуховый, д. 2 стр. 250, 306481",86216247364,Заочная,89,54,73,81,94
Елизавета Натановна Воронова,2023,Химия,62.8,8.4,35.6,"г. Дивногорск, алл. Беляева, д. 780 стр. 2/6, 458276",8 (261) 944-6875,Вечерняя,79,50,42,98,45
тов. Крылова Жанна Ильинична,2024,Математика,69.4,8.8,39.1,"п. Учалы, ул. Спортивная, д. 6/1, 805577",8 (994) 888-7978,Заочная,48,78,70,71,80
Агафья Кузьминична Агафонова,2022,Химия,61.8,7.4,34.6,"п. Усть-Ишим, алл. Колхозная, д. 9/4 к. 169, 039669",+7 794 742 08 60,Вечерняя,47,47,89,67,59
Лапин Адриан Анатольевич,2023,Математика,61.6,8.2,34.9,"д. Рязань, бул. Металлистов, д. 2, 367394",85442617448,Очная,98,46,50,59,55
Антонина Ивановна Бурова,2022,Химия,69.0,6.7,37.8,"г. Темрюк, алл. Локомотивная, д. 367, 349459",8 (695) 018-66-57,Заочная,97,61,65,42,80
Капустина Агафья Архиповна,2022,Биология,60.8,7.0,33.9,"к. Бавлы, ул. Мелиораторов, д. 2, 367932",+7 (395) 826-20-69,Очная,53,50,57,93,51
Герасимов Матвей Тихонович,2025,Химия,77.4,7.3,42.4,"п. Махачкала, бул. Нагорный, д. 47, 716994",+7 227 004 0856,Заочная,52,64,84,90,97
Антонина Кузьминична Шарапова,2022,Физика,71.8,9.2,40.5,"ст. Солнечногорск, пр. Кошевого, д. 2, 507283",8 004 755 2406,Очная,85,75,84,47,68
Иванна Александровна Ковалева,2024,История Беларуси,79.0,6.1,42.6,"с. Мураши, ш. Просторное, д. 6/8, 035663",83770610964,Очная,94,71,90,83,57
Раиса Артемовна Бирюкова,2024,Математика,72.2,9.9,41.1,"г. Костомукша, алл. Звездная, д. 4, 901651",+7 252 512 5842,Вечерняя,58,61,76,71,95
Захарова Екатерина Эльдаровна,2025,Физика,64.4,6.9,35.7,"г. Калевала, бул. Автомобилистов, д. 4 стр. 7/1, 556891",+7 419 611 3360,Вечерняя,42,67,49,90,74
Рыбакова Ульяна Борисовна,2022,Биология,63.2,6.7,35.0,"ст. Валаам, ул. Баумана, д. 78 к. 4, 080939",8 (265) 001-6282,Очная,93,54,72,46,51
Глафира Филипповна Прохорова,2023,История Беларуси,69.8,8.5,39.2,"к. Каневская, бул. Краснофлотский, д. 479, 982408",+7 404 103 30 46,Вечерняя,60,70,97,63,59
Котова Майя Семеновна,2021,Физика,74.2,8.2,41.2,"клх Калевала, бул. Братский, д. 512, 303498",+7 (664) 602-64-98,Вечерняя,67,83,59,99,63
Полина Юльевна Макарова,2021,История Беларуси,82.6,8.9,45.8,"ст. Лотошино, ул. Тенистая, д. 168 стр. 93, 376736",+73295273354,Вечерняя,90,71,80,75,97
Любосмысл Феофанович Шестаков,2024,История Беларуси,63.6,7.7,35.6,"ст. Фатеж, ул. Р.Люксембург, д. 8 к. 3, 328184",8 (370) 294-0097,Заочная,75,41,54,73,75
Аникита Глебович Доронин,2021,Химия,90.2,7.4,48.8,"к. Нижнекамск, ул. Восточная, д. 8 стр. 36, 118310",+7 (513) 762-0122,Вечерняя,81,90,90,97,93
Молчанова Феврония Натановна,2021,История Беларуси,64.4,8.9,36.7,"клх Малгобек, пер. Панфилова, д. 9, 578034",+7 (897) 008-5670,Вечерняя,42,84,57,79,60
Петр Викторович Михеев,2023,История Беларуси,69.6,8.4,39.0,"клх Орехово-Зуево, алл. Полевая, д. 1 к. 927, 795419",+7 (004) 059-10-19,Очная,74,65,47,75,87
Фомичев Остап Антипович,2021,Химия,62.2,6.7,34.4,"п. Щельяюр, ш. Шаумяна, д. 937 стр. 247, 142503",+7 380 299 95 36,Заочная,81,83,53,53,41
Панов Каллистрат Бориславович,2023,Физика,75.6,9.5,42.6,"клх Чикола, ш. Культуры, д. 38 к. 914, 115161",+7 (137) 149-43-63,Вечерняя,44,77,84,80,93
Гремислав Ефимович Селиверстов,2024,Математика,75.2,8.7,42.0,"ст. Элиста, бул. Красный, д. 1/4 к. 40, 643789",+73821578871,Очная,86,53,95,78,64
Евграф Артемьевич Дмитриев,2024,Математика,68.2,9.9,39.1,"г. Улан-Удэ, наб. Сенная, д. 68, 610962",8 (087) 748-87-95,Вечерняя,78,45,56,98,64
Нонна Васильевна Сорокина,2022,Химия,55.0,9.1,32.0,"ст. Цимлянск, ул. Демьяна Бедного, д. 7 к. 6/1, 668150",8 617 812 28 59,Заочная,41,74,76,44,40
Яков Витальевич Пахомов,2023,Физика,80.4,6.9,43.7,"г. Поронайск, ул. Кубанская, д. 1, 523397",+7 (726) 270-23-69,Очная,95,75,84,62,86
Белова Оксана Болеславовна,2022,Биология,58.4,8.1,33.2,"д. Снежногорск (Мурм.), алл. Суворова, д. 25 стр. 8/7, 847407",80426564099,Вечерняя,49,42,93,53,55
Ефремова Варвара Кузьминична,2025,Биология,57.8,7.8,32.8,"с. Чикола, ул. Маяковского, д. 859, 223549",88034262494,Вечерняя,49,51,69,80,40
Самсон Борисович Кононов,2023,История Беларуси,63.2,6.7,35.0,"клх Мыс Шмидта, ул. Гафури, д. 1/6 к. 89, 816212",86121768480,Очная,47,82,51,40,96
Александров Еремей Гаврилович,2022,Биология,76.0,7.4,41.7,"к. Белореченск, алл. Привокзальная, д. 783 стр. 60, 219558",+7 443 348 4184,Вечерняя,59,67,96,82,76
Тетерина Анастасия Наумовна,2021,Математика,79.6,9.2,44.4,"к. Кажим, ш. Крайнее, д. 80, 889535",+77855419451,Очная,51,76,88,88,95
Юдин Андроник Владиславович,2025,Математика,67.0,8.2,37.6,"с. Салават, ш. Амурское, д. 2 к. 358, 939840",+7 103 264 84 92,Очная,67,86,54,45,83
Виноградов Эрнст Федотович,2024,История Беларуси,58.0,8.1,33.0,"г. Ревда (Сверд.), наб. Седова, д. 5 стр. 5, 777995",8 (654) 115-70-87,Очная,59,89,53,41,48
Исаков Измаил Бенедиктович,2025,Химия,65.2,6.9,36.1,"ст. Каргополь, наб. М.Горького, д. 6, 611151",+71970338611,Заочная,59,65,68,40,94
Раиса Ждановна Шарапова,2024,Химия,76.4,8.0,42.2,"клх Билибино, наб. Коммунальная, д. 1/2 стр. 1/3, 247081",8 (368) 504-66-90,Заочная,76,92,98,44,72
Меркушева Ия Руслановна,2023,Химия,67.2,7.9,37.6,"к. Подольск, ш. Аэродромное, д. 4/9 стр. 6, 470516",+7 695 342 60 86,Заочная,53,51,81,59,92
Ефимов Гостомысл Герасимович,2023,Математика,81.2,9.9,45.6,"д. Мокшан, пер. Кочубея, д. 1, 114616",+7 (738) 567-57-91,Очная,98,82,73,64,89
Октябрина Святославовна Красильникова,2025,История Беларуси,82.2,8.0,45.1,"ст. Охотск, алл. Кедровая, д. 700 к. 7/5, 273920",+7 (978) 018-65-33,Вечерняя,78,70,95,86,82
Гущин Аким Феликсович,2021,Биология,73.0,6.6,39.8,"п. Куртамыш, пр. Васильковый, д. 2/5 стр. 547, 117016",+7 (773) 044-59-87,Очная,83,77,59,62,84
Орехов Аверьян Адрианович,2022,Физика,82.0,9.9,46.0,"к. Балашиха, наб. Высоковольтная, д. 6, 006965",8 488 210 4189,Заочная,89,81,99,94,47
Федосеева Галина Алексеевна,2023,История Беларуси,64.0,6.9,35.4,"с. Тура, ш. Красина, д. 54 стр. 28, 089745",+7 769 760 3748,Очная,40,94,47,68,71
Виноградов Демьян Владиленович,2025,Биология,69.2,9.4,39.3,"клх Уварово, бул. Карьерный, д. 4 стр. 90, 698874",+7 210 142 47 88,Заочная,86,61,86,73,40
Фокин Евдоким Викторович,2021,Математика,70.8,7.0,38.9,"г. Мелеуз, пр. Рыбацкий, д. 4 к. 8/8, 686105",+7 065 126 2933,Вечерняя,65,82,49,69,89
Панфилов Ерофей Егорович,2025,Математика,73.0,6.1,39.6,"п. Чусовой, ш. Мусы Джалиля, д. 9/3 стр. 59, 413540",+7 (551) 209-2431,Заочная,65,47,86,79,88
Пахомов Лучезар Ефимович,2025,Биология,62.2,8.4,35.3,"п. Сухиничи, пр. Восточный, д. 7 к. 144, 217787",8 011 100 86 08,Очная,47,64,85,43,72
Василий Валентинович Лыткин,2025,Химия,71.4,8.6,40.0,"г. Усть-Баргузин, ул. Демьяна Бедного, д. 55 стр. 3/1, 975720",8 (402) 217-4946,Заочная,70,55,53,92,87
Андрей Анисимович Рыбаков,2025,Биология,61.4,7.3,34.4,"клх Коломна, пер. Микрорайон, д. 47 к. 8, 166724",+7 613 442 03 20,Заочная,65,67,41,89,45
Голубев Андрей Изотович,2022,Математика,71.0,9.1,40.0,"клх Аршан (Бурят.), пер. Привольный, д. 9 к. 44, 681018",8 (394) 340-9731,Заочная,72,80,64,87,52
Овчинникова Антонина Григорьевна,2023,Математика,59.0,8.6,33.8,"ст. Кежма, наб. Шмидта, д. 44 стр. 9/6, 924248",+79084741657,Заочная,52,70,80,50,43
Селиверст Филатович Доронин,2024,Биология,68.0,9.2,38.6,"ст. Архангельск, пр. Чехова, д. 474 к. 64, 100440",87271527590,Вечерняя,77,85,43,77,58
Сильвестр Валерианович Герасимов,2022,Химия,61.8,9.5,35.6,"к. Билибино, ул. Коммунистическая, д. 704 к. 755, 769173",+7 021 178 80 96,Вечерняя,57,52,80,62,58
Лыткин Богдан Харлампьевич,2022,История Беларуси,61.2,7.3,34.2,"клх Токсово, пер. Димитрова, д. 45, 410689",+77174204464,Вечерняя,40,63,93,46,64
Кондратий Трифонович Бобылев,2022,История Беларуси,57.6,8.8,33.2,"ст. Гагарин, алл. Клубная, д. 406, 577744",+70649021829,Очная,40,51,97,46,54
Носкова Евгения Руслановна,2025,История Беларуси,78.2,8.2,43.2,"с. Северобайкальск, бул. Инженерный, д. 316 стр. 98, 015225",82975082717,Вечерняя,99,68,64,72,88
Соболев Зосима Харитонович,2021,Физика,69.8,8.4,39.1,"п. Зеленогорск (Ленин.), пр. Плеханова, д. 952 стр. 3/3, 859004",+70430719616,Вечерняя,74,83,77,65,50
Лариса Харитоновна Коновалова,2021,История Беларуси,62.6,8.0,35.3,"д. Асбест, наб. Высоцкого, д. 99 стр. 14, 461778",8 746 199 65 48,Очная,85,53,49,41,85
Молчанов Изот Дмитриевич,2021,История Беларуси,60.0,7.9,34.0,"п. Холмогоры, пер. Серафимовича, д. 7/8, 186342",89598324464,Очная,60,65,47,87,41
Родион Вячеславович Костин,2022,Математика,68.0,6.6,37.3,"к. Гремячинск (Перм.), пр. Чернышевского, д. 2 стр. 3/9, 564710",+7 (274) 981-6992,Заочная,92,68,65,64,51
Сократ Фролович Шестаков,2025,Химия,75.0,8.4,41.7,"д. Когалым, наб. Мира, д. 885 к. 66, 167936",8 (050) 009-5332,Заочная,87,76,54,83,75
Юлия Романовна Меркушева,2025,Химия,73.6,8.9,41.2,"п. Геленджик, ш. Тополиное, д. 1/3 к. 18, 833777",8 772 752 0184,Заочная,87,62,45,85,89
Князева Валентина Валентиновна,2021,Физика,74.0,6.0,40.0,"г. Переславль-Залесский, алл. Радищева, д. 3 к. 532, 671017",8 544 028 86 79,Вечерняя,82,84,60,62,82
Фомин Милий Яковлевич,2024,Математика,79.0,8.6,43.8,"с. Бузулук, бул. Абрикосовый, д. 79 к. 1, 986355",8 (589) 924-75-43,Вечерняя,86,92,99,54,64
Одинцова Иванна Леонидовна,2024,Физика,59.8,7.4,33.6,"д. Магас, бул. Новоселов, д. 1 к. 4/8, 418677",+7 907 809 69 17,Очная,90,54,43,60,52
Регина Робертовна Владимирова,2024,Физика,69.6,7.1,38.3,"п. Волгодонск, ул. Техническая, д. 4 к. 6, 073973",8 035 239 7555,Очная,73,53,43,87,92
Вышеслав Ефимьевич Горбунов,2023,Биология,72.2,8.3,40.2,"с. Сургут (Хант.), ш. Петровское, д. 664, 046465",8 (979) 355-7743,Очная,66,68,86,67,74
Кулагин Самуил Борисович,2022,Математика,64.6,7.1,35.8,"к. Белый Яр (Томск.), наб. Советов, д. 893, 420251",8 099 763 55 22,Заочная,81,75,69,57,41
Сорокин Юрий Артёмович,2022,Биология,58.2,6.5,32.4,"с. Якша, наб. Крымская, д. 485, 872527",8 (245) 213-53-45,Очная,43,65,64,69,50
Киселева Марфа Ильинична,2021,Химия,66.4,8.8,37.6,"д. Поронайск, наб. Тукая, д. 4/1 к. 613, 875376",+7 268 948 3785,Вечерняя,83,49,78,52,70
Творимир Антонович Кириллов,2024,Биология,88.0,9.9,49.0,"ст. Одинцово, бул. Прибрежный, д. 97, 016848",8 (062) 868-7585,Вечерняя,95,88,81,81,95
Анисим Ильич Власов,2024,Физика,63.0,7.5,35.2,"г. Крымск, пр. Тракторный, д. 494 стр. 9, 463746",8 091 232 6736,Вечерняя,43,93,46,93,40
Владимир Игнатьевич Кудряшов,2022,Математика,80.2,8.4,44.3,"с. Волгодонск, ш. Гайдара, д. 3, 747230",+7 (329) 672-92-25,Вечерняя,84,81,86,98,52
Самойлова Анжелика Владимировна,2021,Химия,65.8,9.2,37.5,"п. Курск, ул. Тургенева, д. 2, 817404",+7 894 725 9868,Очная,93,60,61,67,48
Осип Бориславович Бобров,2022,Биология,71.8,9.4,40.6,"ст. Асино, бул. Угольный, д. 6, 792605",8 (312) 050-48-26,Очная,54,49,63,97,96
Артемий Гавриилович Некрасов,2021,Математика,63.6,7.0,35.3,"клх Снежинск, бул. Каштановый, д. 28 стр. 6/8, 710251",+7 858 875 45 60,Очная,47,63,55,88,65
Маркова Алевтина Тимуровна,2022,История Беларуси,65.6,7.7,36.6,"д. Батайск, ул. 50 лет ВЛКСМ, д. 6/3 к. 6, 195181",+74524860060,Очная,43,89,63,58,75
Евдокимов Данила Аксёнович,2023,Химия,60.6,6.6,33.6,"г. Сортавала, наб. Транспортная, д. 3 к. 1, 616641",+7 920 414 92 14,Заочная,49,64,57,58,75
Ермолай Фомич Горбачев,2023,История Беларуси,80.2,8.9,44.6,"клх Суздаль, пер. Волжский, д. 9/7 стр. 224, 026511",+73761468132,Вечерняя,94,89,44,86,88
Титова Нина Робертовна,2025,Математика,71.0,6.7,38.8,"к. Осташков, пр. Тюленина, д. 6/8, 701283",+7 (511) 848-67-34,Заочная,73,72,94,60,56
Комаров Будимир Виленович,2021,Физика,63.4,8.2,35.8,"к. Мокшан, наб. Ореховая, д. 9, 375141",+7 240 102 9863,Вечерняя,76,54,74,67,46
Мамонтова Кира Тимофеевна,2025,Химия,59.6,8.0,33.8,"ст. Стрежевой, бул. Советский, д. 9 к. 4/7, 870937",8 (445) 482-3316,Заочная,49,48,53,52,96
Баранова Юлия Геннадиевна,2022,Математика,55.6,7.6,31.6,"с. Сковородино, алл. Амурская, д. 8, 449158",8 123 148 79 68,Очная,41,74,46,60,57
Ермолай Терентьевич Брагин,2024,Химия,77.8,10.0,43.9,"с. Усть-Баргузин, ш. Пушкина, д. 935 к. 7/2, 331346",8 591 583 4879,Заочная,93,78,80,88,50
Людмила Рудольфовна Романова,2022,Физика,70.0,7.3,38.6,"ст. Лабинск, ш. Сиреневое, д. 10 к. 1/1, 313174",+7 345 214 5576,Очная,99,85,58,43,65
Харлампий Ильич Терентьев,2021,Физика,78.6,6.3,42.4,"к. Кызыл, пр. Ключевой, д. 2/7 стр. 91, 150594",83235228010,Заочная,71,78,84,85,75
Святослав Димитриевич Кудрявцев,2025,Физика,56.8,7.5,32.2,"п. Тимашевск, бул. Труда, д. 1 стр. 2/2, 437858",+7 (585) 182-8450,Заочная,72,75,42,48,47
Елисеев Софрон Харламович,2022,Математика,59.6,8.1,33.8,"г. Кинешма, пр. Тюленина, д. 6/7 стр. 5/7, 839035",8 253 393 6465,Очная,45,80,78,43,52
Анастасия Рубеновна Чернова,2025,Биология,66.6,8.6,37.6,"клх Звенигород, алл. Индустриальная, д. 7 к. 8, 741065",82253285329,Заочная,41,99,44,83,66
Игнатий Трофимович Титов,2025,Физика,60.4,8.1,34.2,"с. Курильск, пер. Малиновый, д. 2/2, 514910",8 135 453 3677,Вечерняя,47,77,47,89,42
Гурьева Евпраксия Наумовна,2021,Математика,57.2,10.0,33.6,"к. Чермоз, пер. Урожайный, д. 19, 202327",+71301529565,Очная,97,42,61,45,41
Федорова Валерия Феликсовна,2025,История Беларуси,64.2,7.8,36.0,"г. Сургут (Хант.), бул. Докучаева, д. 8/1 к. 2/2, 447409",8 (879) 226-8402,Заочная,41,77,56,74,73
Зинаида Юрьевна Соколова,2024,Химия,75.8,9.8,42.8,"д. Томск, наб. Тенистая, д. 41 стр. 3/2, 701098",8 627 535 2399,Очная,91,47,61,83,97
Моисей Денисович Жданов,2021,Физика,74.4,6.7,40.6,"п. Воскресенск, бул. Владимирский, д. 5, 563774",8 051 683 29 42,Вечерняя,52,68,70,86,96
Кузнецов Мартын Викторович,2021,Физика,79.0,6.0,42.5,"ст. Малоярославец, алл. Халтурина, д. 85, 977794",+7 809 984 55 77,Очная,81,69,96,94,55
Нинель Константиновна Белова,2021,Химия,50.8,9.7,30.2,"к. Сорочинск, наб. Лесная, д. 9, 428005",84513065467,Очная,55,51,47,59,42
Анна Мироновна Богданова,2024,Математика,76.4,6.1,41.2,"с. Елатьма, бул. Речной, д. 99, 549451",+7 227 835 64 30,Заочная,84,62,67,90,79
Силин Ратибор Арсеньевич,2025,Биология,71.2,9.4,40.3,"клх Рославль, пер. Жуковского, д. 3 стр. 1, 598827",+7 (328) 196-54-42,Очная,59,79,95,83,40
Сысоева Евдокия Оскаровна,2021,Математика,56.4,9.2,32.8,"п. Пушкино (Моск.), бул. Космический, д. 326, 194753",8 114 789 14 73,Вечерняя,60,59,45,61,57
Ираида Романовна Рогова,2023,История Беларуси,68.2,9.1,38.6,"клх Чегем, наб. Комсомольская, д. 7, 906035",+7 (682) 880-8425,Очная,71,72,92,55,51
Никифоров Любим Терентьевич,2024,Физика,67.0,7.1,37.0,"к. Морозовск, алл. Кольцевая, д. 97 стр. 247, 569714",+7 (948) 368-24-88,Заочная,73,53,75,72,62
Максим Ааронович Крылов,2024,Физика,57.6,7.0,32.3,"клх Горячинск, наб. Олимпийская, д. 1/4 к. 270, 270050",8 (925) 317-8962,Очная,41,80,60,41,66
Ширяев Леонид Федосеевич,2025,История Беларуси,57.0,9.8,33.4,"п. Рыльск, ул. Байкальская, д. 5, 024603",83157579188,Заочная,40,50,42,91,62
г-жа Пестова Ирина Георгиевна,2023,Химия,66.2,8.0,37.1,"к. Томпа, ш. Мира, д. 8/9, 773211",+7 (563) 085-4354,Вечерняя,57,94,45,74,61
Евсей Андреевич Сидоров,2022,История Беларуси,81.6,8.0,44.8,"д. Тюмень, наб. Главная, д. 87 к. 7/5, 972519",+7 427 339 1809,Вечерняя,61,99,76,91,81
Рябова Лариса Александровна,2022,Химия,77.4,7.5,42.4,"к. Ступино, ш. Л.Толстого, д. 6/9 стр. 1/1, 571645",+7 690 333 97 16,Вечерняя,88,81,77,57,84
Дорофей Арсенович Казаков,2021,Биология,62.2,6.6,34.4,"с. Луховицы, наб. Советской Армии, д. 968 стр. 12, 007102",+7 (754) 858-3301,Заочная,63,81,69,53,45
Наркис Эдуардович Фомин,2024,Биология,58.4,7.6,33.0,"д. Старая Русса, наб. Орловская, д. 39 к. 97, 268507",8 (422) 583-6705,Вечерняя,46,91,53,48,54
Марина Ивановна Николаева,2024,Химия,55.8,9.8,32.8,"к. Мценск, пр. Сплавный, д. 2/3 стр. 45, 115994",+7 (902) 618-84-20,Вечерняя,41,66,41,74,57
Степанова Ираида Семеновна,2021,Математика,55.0,7.9,31.4,"г. Беслан, пер. Енисейский, д. 721, 746218",+7 (478) 861-11-67,Очная,57,49,64,41,64
Михеев Любомир Дорофеевич,2022,Биология,62.0,8.4,35.2,"клх Усть-Илимск, ул. Таманская, д. 21, 989486",8 (401) 921-41-72,Очная,72,75,70,53,40
Ульяна Григорьевна Мясникова,2021,Химия,77.0,7.6,42.3,"клх Белокуриха, ш. Прибрежное, д. 6/7 стр. 3/4, 196955",87073711201,Очная,93,85,91,42,74
Савин Исидор Фомич,2022,Физика,65.6,7.9,36.8,"клх Шатура, бул. Революционный, д. 70 стр. 1, 187564",+7 (161) 000-34-57,Вечерняя,64,52,92,73,47
Евдокия Рубеновна Мухина,2022,Математика,57.6,8.2,32.9,"с. Псков, алл. Льва Толстого, д. 312 к. 912, 990390",+75191828746,Вечерняя,43,64,54,43,84
Варлаам Якубович Сидоров,2022,Химия,66.2,8.0,37.1,"с. Усть-Баргузин, наб. Крупской, д. 3, 027223",+7 947 622 87 78,Заочная,71,71,67,52,70
Дементьева Агафья Олеговна,2021,История Беларуси,68.0,6.9,37.4,"к. Воскресенск, бул. Речной, д. 99, 217215",8 (986) 208-9204,Вечерняя,57,68,99,45,71
Нинель Кузьминична Сидорова,2024,Химия,66.0,6.2,36.1,"с. Великий Устюг, пер. Есенина, д. 95 стр. 776, 004684",85017515136,Заочная,41,99,62,58,70
Куликова Нонна Федоровна,2023,История Беларуси,57.0,7.9,32.4,"г. Алексин, пр. Островского, д. 952, 207451",81159218955,Заочная,58,73,49,64,41
Майя Леоновна Федосеева,2023,Физика,71.2,7.7,39.4,"п. Яхрома, бул. Смоленский, д. 6/6 стр. 4, 139279",8 403 295 38 32,Очная,89,70,95,54,48
Мясников Андроник Евсеевич,2023,История Беларуси,59.4,7.2,33.3,"к. Усмань, бул. Вольный, д. 6 к. 9, 205455",8 075 260 30 06,Вечерняя,48,74,60,48,67
Меркушев Фрол Игнатович,2022,Биология,69.0,8.5,38.8,"клх Шенкурск, ш. Омское, д. 3/3, 222459",8 (013) 495-2577,Очная,90,46,55,55,99
Вадим Гаврилович Шашков,2023,История Беларуси,66.4,8.5,37.4,"д. Моршанск, бул. Тамбовский, д. 26 стр. 8, 466438",+7 (350) 662-3362,Очная,43,78,79,56,76
Радован Феоктистович Семенов,2022,История Беларуси,84.8,9.4,47.1,"к. Холмск, ш. Ленина, д. 56 к. 3, 096052",+73954435039,Вечерняя,91,68,91,75,99
Князева Алла Ивановна,2023,Биология,75.2,8.1,41.6,"к. Тимашевск, алл. Беляева, д. 6/4, 448309",8 707 266 65 77,Заочная,89,76,91,74,46
Родионова Наталья Наумовна,2021,Физика,59.4,9.9,34.6,"п. Тулпан, пер. Карла Маркса, д. 8/3 стр. 228, 024469",+7 143 854 8021,Вечерняя,61,53,46,76,61
Элеонора Игоревна Кабанова,2025,История Беларуси,70.8,9.2,40.0,"п. Касимов, ул. Зои Космодемьянской, д. 546 стр. 3/8, 213044",+7 407 632 65 35,Заочная,94,41,66,60,93
Надежда Харитоновна Федосеева,2022,Биология,72.6,8.1,40.3,"клх Городовиковск, ш. Воронежское, д. 784, 933030",8 (349) 851-4764,Заочная,60,49,62,97,95
Фадей Ефимьевич Панов,2021,Математика,61.2,8.5,34.8,"с. Объячево, ш. Новгородское, д. 4, 211967",+7 (364) 988-2952,Вечерняя,40,52,60,65,89
Елизавета Ниловна Самойлова,2022,Физика,76.0,8.0,42.0,"ст. Талдом, бул. Пушкинский, д. 185 стр. 1, 881461",+7 (698) 122-6303,Очная,92,57,76,84,71
Суханов Фока Давидович,2022,Химия,74.2,9.4,41.8,"к. Москва, МГУ, ш. Кооперативное, д. 38, 818167",+7 (725) 961-3282,Очная,74,88,99,50,60
Дмитрий Федосеевич Филиппов,2024,История Беларуси,73.4,7.3,40.4,"с. Воткинск, ш. Братское, д. 35 к. 875, 806820",+7 708 023 96 95,Заочная,94,92,65,43,73
Харитонов Владимир Терентьевич,2021,Химия,77.8,8.5,43.2,"клх Усть-Джегута, бул. Донской, д. 5/1 стр. 9/3, 480597",8 (913) 105-0653,Заочная,99,57,79,74,80
Майя Харитоновна Зайцева,2025,Химия,73.4,9.6,41.5,"д. Пушкин, ш. Трактовое, д. 963 стр. 327, 557836",+7 214 412 7375,Заочная,68,77,81,60,81
Лора Петровна Трофимова,2025,Химия,71.8,8.8,40.3,"клх Нефедова, ул. Песчаная, д. 78 к. 1/2, 968932",82589649804,Вечерняя,80,56,95,48,80
Боброва Дарья Рубеновна,2024,Математика,75.0,9.7,42.4,"д. Касимов, алл. Водопроводная, д. 469 к. 26, 240411",89322552849,Очная,99,87,68,72,49
Емельянова Светлана Александровна,2022,Физика,71.0,8.0,39.5,"д. Курган, ш. Транспортное, д. 4 к. 53, 086427",+7 (180) 555-09-63,Вечерняя,99,79,60,67,50
Филиппова Марина Георгиевна,2025,Физика,68.2,8.5,38.4,"п. Лотошино, алл. Коммунистическая, д. 43 к. 6, 218309",8 (398) 691-9656,Очная,47,98,61,47,88
Беляков Святополк Брониславович,2025,Биология,73.2,6.4,39.8,"с. Мирный, пр. Поперечный, д. 6, 924634",8 (194) 325-3510,Заочная,99,62,63,84,58
Юлий Феодосьевич Сафонов,2025,История Беларуси,61.6,6.2,33.9,"с. Буйнакск, пер. Коммунальный, д. 5/1 к. 512, 326230",88386585983,Очная,83,40,62,76,47
Евгения Аскольдовна Кондратьева,2021,История Беларуси,72.8,9.2,41.0,"клх Хасан, пр. Крайний, д. 501 стр. 450, 363714",8 939 481 89 39,Заочная,96,62,82,40,84
Мария Никифоровна Калашникова,2025,Математика,59.2,9.0,34.1,"п. Октябрьское (Хант.), ш. Каштановое, д. 236, 688064",+79287332867,Очная,74,63,56,44,59
Болеслав Ерофеевич Морозов,2025,Физика,75.4,9.9,42.7,"д. Киров (Вятка), ул. Титова, д. 27 стр. 5, 310723",+7 (401) 223-4842,Заочная,97,70,85,75,50
Кузнецова Ия Тимуровна,2024,Математика,70.2,6.7,38.4,"клх Сосьва (Хант.), бул. Коллективный, д. 797 к. 74, 903183",80897727656,Заочная,58,46,90,67,90
Светлана Наумовна Лазарева,2021,Биология,64.2,6.3,35.2,"д. Кулу, наб. Железнодорожная, д. 44, 875236",8 353 485 31 20,Очная,44,44,69,93,71
Ферапонт Вилорович Голубев,2024,Химия,74.0,9.9,42.0,"г. Тольятти, наб. Леваневского, д. 1 стр. 373, 885634",+7 178 092 7833,Заочная,49,77,86,71,87
Кондратий Антонович Федотов,2021,Химия,61.6,7.5,34.6,"клх Городовиковск, ш. Деповское, д. 60 стр. 9/3, 358644",+7 (116) 624-70-19,Очная,70,47,79,64,48
Надежда Юльевна Михайлова,2022,Биология,67.4,9.1,38.2,"д. Котлас, пр. Овражный, д. 1 к. 573, 202263",8 352 680 0320,Очная,89,42,88,75,43
Овчинников Будимир Жоресович,2021,Химия,84.8,7.3,46.0,"клх Ямбург, ш. Марта 8, д. 5 к. 8, 200510",8 480 067 12 85,Заочная,80,64,97,94,89
Кира Борисовна Блинова,2023,Математика,62.4,8.4,35.4,"клх Кудымкар, алл. Покровская, д. 7/9, 007845",+72294908450,Заочная,75,51,66,79,41
Казаков Ратмир Брониславович,2023,Биология,71.8,8.5,40.2,"д. Галич, ш. Кочубея, д. 8/9 стр. 27, 213927",+7 636 750 9855,Заочная,92,71,70,55,71
